label,prediction,class_name,predicted_class
0,21,aloevera,pineapple
0,0,aloevera,aloevera
0,0,aloevera,aloevera
0,0,aloevera,aloevera
0,25,aloevera,spinach
0,0,aloevera,aloevera
0,0,aloevera,aloevera
0,25,aloevera,spinach
0,16,aloevera,melon
0,29,aloevera,watermelon
0,0,aloevera,aloevera
0,0,aloevera,aloevera
0,10,aloevera,galangal
0,0,aloevera,aloevera
0,0,aloevera,aloevera
0,0,aloevera,aloevera
0,0,aloevera,aloevera
0,0,aloevera,aloevera
0,0,aloevera,aloevera
0,14,aloevera,longbeans
0,0,aloevera,aloevera
0,0,aloevera,aloevera
0,0,aloevera,aloevera
0,14,aloevera,longbeans
0,15,aloevera,mango
0,0,aloevera,aloevera
0,0,aloevera,aloevera
0,0,aloevera,aloevera
0,0,aloevera,aloevera
0,5,aloevera,coconut
0,7,aloevera,cucumber
0,0,aloevera,aloevera
0,0,aloevera,aloevera
0,25,aloevera,spinach
0,0,aloevera,aloevera
0,0,aloevera,aloevera
0,25,aloevera,spinach
0,7,aloevera,cucumber
0,25,aloevera,spinach
0,25,aloevera,spinach
0,0,aloevera,aloevera
0,13,aloevera,kale
0,25,aloevera,spinach
0,7,aloevera,cucumber
0,29,aloevera,watermelon
0,25,aloevera,spinach
0,29,aloevera,watermelon
0,29,aloevera,watermelon
0,0,aloevera,aloevera
0,2,aloevera,bilimbi
0,25,aloevera,spinach
0,7,aloevera,cucumber
0,7,aloevera,cucumber
0,13,aloevera,kale
0,14,aloevera,longbeans
0,25,aloevera,spinach
0,7,aloevera,cucumber
0,25,aloevera,spinach
0,25,aloevera,spinach
0,15,aloevera,mango
0,7,aloevera,cucumber
0,25,aloevera,spinach
0,5,aloevera,coconut
0,29,aloevera,watermelon
0,25,aloevera,spinach
0,0,aloevera,aloevera
0,15,aloevera,mango
0,0,aloevera,aloevera
0,15,aloevera,mango
0,0,aloevera,aloevera
0,20,aloevera,peperchili
0,13,aloevera,kale
0,0,aloevera,aloevera
0,25,aloevera,spinach
0,0,aloevera,aloevera
0,0,aloevera,aloevera
0,0,aloevera,aloevera
0,0,aloevera,aloevera
0,0,aloevera,aloevera
0,0,aloevera,aloevera
0,25,aloevera,spinach
0,0,aloevera,aloevera
0,13,aloevera,kale
0,18,aloevera,paddy
0,13,aloevera,kale
0,18,aloevera,paddy
0,13,aloevera,kale
0,7,aloevera,cucumber
0,0,aloevera,aloevera
0,18,aloevera,paddy
0,0,aloevera,aloevera
0,0,aloevera,aloevera
0,18,aloevera,paddy
0,0,aloevera,aloevera
0,0,aloevera,aloevera
0,0,aloevera,aloevera
0,13,aloevera,kale
0,20,aloevera,peperchili
0,0,aloevera,aloevera
0,18,aloevera,paddy
0,25,aloevera,spinach
0,0,aloevera,aloevera
0,0,aloevera,aloevera
0,27,aloevera,tobacco
0,25,aloevera,spinach
0,25,aloevera,spinach
0,18,aloevera,paddy
0,12,aloevera,guava
0,7,aloevera,cucumber
0,25,aloevera,spinach
0,0,aloevera,aloevera
0,2,aloevera,bilimbi
0,0,aloevera,aloevera
0,0,aloevera,aloevera
0,0,aloevera,aloevera
0,21,aloevera,pineapple
0,27,aloevera,tobacco
0,2,aloevera,bilimbi
0,0,aloevera,aloevera
0,14,aloevera,longbeans
0,13,aloevera,kale
0,14,aloevera,longbeans
0,18,aloevera,paddy
0,5,aloevera,coconut
0,27,aloevera,tobacco
0,0,aloevera,aloevera
0,25,aloevera,spinach
0,13,aloevera,kale
0,25,aloevera,spinach
0,0,aloevera,aloevera
0,0,aloevera,aloevera
0,4,aloevera,cassava
0,14,aloevera,longbeans
0,27,aloevera,tobacco
0,27,aloevera,tobacco
0,25,aloevera,spinach
0,0,aloevera,aloevera
0,7,aloevera,cucumber
0,27,aloevera,tobacco
0,14,aloevera,longbeans
0,18,aloevera,paddy
0,27,aloevera,tobacco
0,3,aloevera,cantaloupe
0,0,aloevera,aloevera
0,0,aloevera,aloevera
0,13,aloevera,kale
0,0,aloevera,aloevera
0,21,aloevera,pineapple
0,2,aloevera,bilimbi
0,0,aloevera,aloevera
0,0,aloevera,aloevera
0,7,aloevera,cucumber
0,20,aloevera,peperchili
0,0,aloevera,aloevera
0,18,aloevera,paddy
0,14,aloevera,longbeans
0,0,aloevera,aloevera
0,2,aloevera,bilimbi
0,0,aloevera,aloevera
0,25,aloevera,spinach
0,13,aloevera,kale
0,14,aloevera,longbeans
0,0,aloevera,aloevera
0,25,aloevera,spinach
0,0,aloevera,aloevera
0,3,aloevera,cantaloupe
0,25,aloevera,spinach
0,0,aloevera,aloevera
0,0,aloevera,aloevera
0,27,aloevera,tobacco
0,14,aloevera,longbeans
0,0,aloevera,aloevera
0,18,aloevera,paddy
0,14,aloevera,longbeans
0,0,aloevera,aloevera
0,5,aloevera,coconut
0,14,aloevera,longbeans
0,0,aloevera,aloevera
0,0,aloevera,aloevera
0,22,aloevera,pomelo
0,0,aloevera,aloevera
0,25,aloevera,spinach
0,18,aloevera,paddy
0,13,aloevera,kale
0,13,aloevera,kale
0,18,aloevera,paddy
0,0,aloevera,aloevera
0,13,aloevera,kale
0,0,aloevera,aloevera
0,0,aloevera,aloevera
0,14,aloevera,longbeans
0,7,aloevera,cucumber
0,0,aloevera,aloevera
0,13,aloevera,kale
0,25,aloevera,spinach
0,27,aloevera,tobacco
0,0,aloevera,aloevera
0,21,aloevera,pineapple
0,21,aloevera,pineapple
0,0,aloevera,aloevera
1,1,banana,banana
1,1,banana,banana
1,6,banana,corn
1,18,banana,paddy
1,1,banana,banana
1,0,banana,aloevera
1,1,banana,banana
1,12,banana,guava
1,27,banana,tobacco
1,15,banana,mango
1,1,banana,banana
1,11,banana,ginger
1,1,banana,banana
1,1,banana,banana
1,1,banana,banana
1,15,banana,mango
1,11,banana,ginger
1,1,banana,banana
1,1,banana,banana
1,5,banana,coconut
1,22,banana,pomelo
1,18,banana,paddy
1,2,banana,bilimbi
1,1,banana,banana
1,1,banana,banana
1,18,banana,paddy
1,11,banana,ginger
1,3,banana,cantaloupe
1,8,banana,curcuma
1,4,banana,cassava
1,21,banana,pineapple
1,1,banana,banana
1,11,banana,ginger
1,21,banana,pineapple
1,1,banana,banana
1,20,banana,peperchili
1,24,banana,soybeans
1,1,banana,banana
1,24,banana,soybeans
1,1,banana,banana
1,1,banana,banana
1,2,banana,bilimbi
1,6,banana,corn
1,27,banana,tobacco
1,18,banana,paddy
1,25,banana,spinach
1,1,banana,banana
1,10,banana,galangal
1,6,banana,corn
1,1,banana,banana
1,14,banana,longbeans
1,1,banana,banana
1,15,banana,mango
1,15,banana,mango
1,18,banana,paddy
1,1,banana,banana
1,21,banana,pineapple
1,21,banana,pineapple
1,1,banana,banana
1,20,banana,peperchili
1,24,banana,soybeans
1,18,banana,paddy
1,8,banana,curcuma
1,1,banana,banana
1,9,banana,eggplant
1,18,banana,paddy
1,1,banana,banana
1,1,banana,banana
1,1,banana,banana
1,11,banana,ginger
1,2,banana,bilimbi
1,6,banana,corn
1,28,banana,waterapple
1,24,banana,soybeans
1,24,banana,soybeans
1,12,banana,guava
1,8,banana,curcuma
1,1,banana,banana
1,1,banana,banana
1,1,banana,banana
1,6,banana,corn
1,29,banana,watermelon
1,7,banana,cucumber
1,11,banana,ginger
1,20,banana,peperchili
1,1,banana,banana
1,24,banana,soybeans
1,15,banana,mango
1,11,banana,ginger
1,1,banana,banana
1,1,banana,banana
1,24,banana,soybeans
1,1,banana,banana
1,1,banana,banana
1,11,banana,ginger
1,11,banana,ginger
1,15,banana,mango
1,9,banana,eggplant
1,6,banana,corn
1,18,banana,paddy
1,8,banana,curcuma
1,1,banana,banana
1,1,banana,banana
1,25,banana,spinach
1,29,banana,watermelon
1,1,banana,banana
1,8,banana,curcuma
1,21,banana,pineapple
1,3,banana,cantaloupe
1,1,banana,banana
1,4,banana,cassava
1,1,banana,banana
1,1,banana,banana
1,2,banana,bilimbi
1,16,banana,melon
1,1,banana,banana
1,1,banana,banana
1,0,banana,aloevera
1,2,banana,bilimbi
1,2,banana,bilimbi
1,1,banana,banana
1,1,banana,banana
1,11,banana,ginger
1,1,banana,banana
1,15,banana,mango
1,11,banana,ginger
1,2,banana,bilimbi
1,1,banana,banana
1,1,banana,banana
1,6,banana,corn
1,11,banana,ginger
1,1,banana,banana
1,1,banana,banana
1,1,banana,banana
1,2,banana,bilimbi
1,1,banana,banana
1,8,banana,curcuma
1,5,banana,coconut
1,1,banana,banana
1,18,banana,paddy
1,1,banana,banana
1,1,banana,banana
1,2,banana,bilimbi
1,11,banana,ginger
1,1,banana,banana
1,12,banana,guava
1,28,banana,waterapple
1,1,banana,banana
1,7,banana,cucumber
1,27,banana,tobacco
1,1,banana,banana
1,2,banana,bilimbi
1,1,banana,banana
1,6,banana,corn
1,1,banana,banana
1,10,banana,galangal
1,4,banana,cassava
1,6,banana,corn
1,29,banana,watermelon
1,12,banana,guava
1,1,banana,banana
1,1,banana,banana
1,8,banana,curcuma
1,12,banana,guava
1,2,banana,bilimbi
1,6,banana,corn
1,24,banana,soybeans
1,21,banana,pineapple
1,1,banana,banana
1,21,banana,pineapple
1,0,banana,aloevera
1,6,banana,corn
1,5,banana,coconut
1,15,banana,mango
1,24,banana,soybeans
1,1,banana,banana
1,2,banana,bilimbi
1,17,banana,orange
1,1,banana,banana
1,1,banana,banana
1,6,banana,corn
1,15,banana,mango
1,2,banana,bilimbi
1,1,banana,banana
1,1,banana,banana
1,15,banana,mango
1,10,banana,galangal
1,6,banana,corn
1,1,banana,banana
1,6,banana,corn
1,28,banana,waterapple
1,1,banana,banana
1,1,banana,banana
1,16,banana,melon
1,1,banana,banana
1,1,banana,banana
1,1,banana,banana
1,1,banana,banana
1,27,banana,tobacco
1,8,banana,curcuma
2,6,bilimbi,corn
2,24,bilimbi,soybeans
2,2,bilimbi,bilimbi
2,22,bilimbi,pomelo
2,1,bilimbi,banana
2,1,bilimbi,banana
2,21,bilimbi,pineapple
2,2,bilimbi,bilimbi
2,2,bilimbi,bilimbi
2,17,bilimbi,orange
2,15,bilimbi,mango
2,3,bilimbi,cantaloupe
2,2,bilimbi,bilimbi
2,17,bilimbi,orange
2,15,bilimbi,mango
2,22,bilimbi,pomelo
2,2,bilimbi,bilimbi
2,2,bilimbi,bilimbi
2,2,bilimbi,bilimbi
2,1,bilimbi,banana
2,2,bilimbi,bilimbi
2,2,bilimbi,bilimbi
2,1,bilimbi,banana
2,2,bilimbi,bilimbi
2,15,bilimbi,mango
2,17,bilimbi,orange
2,2,bilimbi,bilimbi
2,6,bilimbi,corn
2,0,bilimbi,aloevera
2,22,bilimbi,pomelo
2,2,bilimbi,bilimbi
2,15,bilimbi,mango
2,2,bilimbi,bilimbi
2,16,bilimbi,melon
2,2,bilimbi,bilimbi
2,15,bilimbi,mango
2,1,bilimbi,banana
2,15,bilimbi,mango
2,1,bilimbi,banana
2,6,bilimbi,corn
2,15,bilimbi,mango
2,2,bilimbi,bilimbi
2,1,bilimbi,banana
2,15,bilimbi,mango
2,19,bilimbi,papaya
2,14,bilimbi,longbeans
2,1,bilimbi,banana
2,2,bilimbi,bilimbi
2,2,bilimbi,bilimbi
2,2,bilimbi,bilimbi
2,22,bilimbi,pomelo
2,6,bilimbi,corn
2,22,bilimbi,pomelo
2,1,bilimbi,banana
2,1,bilimbi,banana
2,2,bilimbi,bilimbi
2,5,bilimbi,coconut
2,6,bilimbi,corn
2,22,bilimbi,pomelo
2,1,bilimbi,banana
2,6,bilimbi,corn
2,2,bilimbi,bilimbi
2,21,bilimbi,pineapple
2,24,bilimbi,soybeans
2,22,bilimbi,pomelo
2,1,bilimbi,banana
2,22,bilimbi,pomelo
2,2,bilimbi,bilimbi
2,1,bilimbi,banana
2,2,bilimbi,bilimbi
2,2,bilimbi,bilimbi
2,22,bilimbi,pomelo
2,6,bilimbi,corn
2,2,bilimbi,bilimbi
2,2,bilimbi,bilimbi
2,7,bilimbi,cucumber
2,17,bilimbi,orange
2,27,bilimbi,tobacco
2,2,bilimbi,bilimbi
2,2,bilimbi,bilimbi
2,6,bilimbi,corn
2,1,bilimbi,banana
2,6,bilimbi,corn
2,1,bilimbi,banana
2,22,bilimbi,pomelo
2,1,bilimbi,banana
2,22,bilimbi,pomelo
2,17,bilimbi,orange
2,2,bilimbi,bilimbi
2,15,bilimbi,mango
2,18,bilimbi,paddy
2,17,bilimbi,orange
2,22,bilimbi,pomelo
2,22,bilimbi,pomelo
2,22,bilimbi,pomelo
2,2,bilimbi,bilimbi
2,15,bilimbi,mango
2,1,bilimbi,banana
2,2,bilimbi,bilimbi
2,1,bilimbi,banana
2,17,bilimbi,orange
2,15,bilimbi,mango
2,16,bilimbi,melon
2,2,bilimbi,bilimbi
2,1,bilimbi,banana
2,2,bilimbi,bilimbi
2,1,bilimbi,banana
2,22,bilimbi,pomelo
2,1,bilimbi,banana
2,22,bilimbi,pomelo
2,2,bilimbi,bilimbi
2,2,bilimbi,bilimbi
2,24,bilimbi,soybeans
2,15,bilimbi,mango
2,1,bilimbi,banana
2,1,bilimbi,banana
2,6,bilimbi,corn
2,1,bilimbi,banana
2,6,bilimbi,corn
2,2,bilimbi,bilimbi
2,22,bilimbi,pomelo
2,22,bilimbi,pomelo
2,1,bilimbi,banana
2,23,bilimbi,shallot
2,2,bilimbi,bilimbi
2,22,bilimbi,pomelo
2,21,bilimbi,pineapple
2,27,bilimbi,tobacco
2,6,bilimbi,corn
2,15,bilimbi,mango
2,17,bilimbi,orange
2,2,bilimbi,bilimbi
2,1,bilimbi,banana
2,2,bilimbi,bilimbi
2,2,bilimbi,bilimbi
2,22,bilimbi,pomelo
2,15,bilimbi,mango
2,2,bilimbi,bilimbi
2,17,bilimbi,orange
2,2,bilimbi,bilimbi
2,2,bilimbi,bilimbi
2,16,bilimbi,melon
2,17,bilimbi,orange
2,2,bilimbi,bilimbi
2,22,bilimbi,pomelo
2,24,bilimbi,soybeans
2,1,bilimbi,banana
2,2,bilimbi,bilimbi
2,2,bilimbi,bilimbi
2,3,bilimbi,cantaloupe
2,15,bilimbi,mango
2,22,bilimbi,pomelo
2,2,bilimbi,bilimbi
2,1,bilimbi,banana
2,6,bilimbi,corn
2,1,bilimbi,banana
2,6,bilimbi,corn
2,22,bilimbi,pomelo
2,1,bilimbi,banana
2,1,bilimbi,banana
2,2,bilimbi,bilimbi
2,8,bilimbi,curcuma
2,25,bilimbi,spinach
2,22,bilimbi,pomelo
2,15,bilimbi,mango
2,6,bilimbi,corn
2,22,bilimbi,pomelo
2,13,bilimbi,kale
2,22,bilimbi,pomelo
2,2,bilimbi,bilimbi
2,15,bilimbi,mango
2,1,bilimbi,banana
2,15,bilimbi,mango
2,2,bilimbi,bilimbi
2,1,bilimbi,banana
2,17,bilimbi,orange
2,2,bilimbi,bilimbi
2,6,bilimbi,corn
2,2,bilimbi,bilimbi
2,2,bilimbi,bilimbi
2,22,bilimbi,pomelo
2,1,bilimbi,banana
2,1,bilimbi,banana
2,1,bilimbi,banana
2,1,bilimbi,banana
2,22,bilimbi,pomelo
2,2,bilimbi,bilimbi
2,1,bilimbi,banana
2,1,bilimbi,banana
2,2,bilimbi,bilimbi
2,2,bilimbi,bilimbi
2,16,bilimbi,melon
2,8,bilimbi,curcuma
2,2,bilimbi,bilimbi
2,22,bilimbi,pomelo
2,15,bilimbi,mango
2,2,bilimbi,bilimbi
2,12,bilimbi,guava
2,12,bilimbi,guava
2,2,bilimbi,bilimbi
3,3,cantaloupe,cantaloupe
3,3,cantaloupe,cantaloupe
3,3,cantaloupe,cantaloupe
3,11,cantaloupe,ginger
3,5,cantaloupe,coconut
3,16,cantaloupe,melon
3,3,cantaloupe,cantaloupe
3,3,cantaloupe,cantaloupe
3,24,cantaloupe,soybeans
3,8,cantaloupe,curcuma
3,3,cantaloupe,cantaloupe
3,3,cantaloupe,cantaloupe
3,16,cantaloupe,melon
3,18,cantaloupe,paddy
3,3,cantaloupe,cantaloupe
3,16,cantaloupe,melon
3,3,cantaloupe,cantaloupe
3,3,cantaloupe,cantaloupe
3,16,cantaloupe,melon
3,5,cantaloupe,coconut
3,16,cantaloupe,melon
3,3,cantaloupe,cantaloupe
3,3,cantaloupe,cantaloupe
3,3,cantaloupe,cantaloupe
3,6,cantaloupe,corn
3,22,cantaloupe,pomelo
3,2,cantaloupe,bilimbi
3,16,cantaloupe,melon
3,7,cantaloupe,cucumber
3,16,cantaloupe,melon
3,0,cantaloupe,aloevera
3,3,cantaloupe,cantaloupe
3,3,cantaloupe,cantaloupe
3,3,cantaloupe,cantaloupe
3,6,cantaloupe,corn
3,27,cantaloupe,tobacco
3,16,cantaloupe,melon
3,2,cantaloupe,bilimbi
3,4,cantaloupe,cassava
3,16,cantaloupe,melon
3,22,cantaloupe,pomelo
3,3,cantaloupe,cantaloupe
3,11,cantaloupe,ginger
3,3,cantaloupe,cantaloupe
3,3,cantaloupe,cantaloupe
3,5,cantaloupe,coconut
3,3,cantaloupe,cantaloupe
3,3,cantaloupe,cantaloupe
3,21,cantaloupe,pineapple
3,3,cantaloupe,cantaloupe
3,3,cantaloupe,cantaloupe
3,22,cantaloupe,pomelo
3,3,cantaloupe,cantaloupe
3,16,cantaloupe,melon
3,6,cantaloupe,corn
3,16,cantaloupe,melon
3,0,cantaloupe,aloevera
3,16,cantaloupe,melon
3,16,cantaloupe,melon
3,3,cantaloupe,cantaloupe
3,3,cantaloupe,cantaloupe
3,3,cantaloupe,cantaloupe
3,3,cantaloupe,cantaloupe
3,16,cantaloupe,melon
3,3,cantaloupe,cantaloupe
3,3,cantaloupe,cantaloupe
3,4,cantaloupe,cassava
3,0,cantaloupe,aloevera
3,3,cantaloupe,cantaloupe
3,3,cantaloupe,cantaloupe
3,16,cantaloupe,melon
3,3,cantaloupe,cantaloupe
3,3,cantaloupe,cantaloupe
3,3,cantaloupe,cantaloupe
3,3,cantaloupe,cantaloupe
3,16,cantaloupe,melon
3,18,cantaloupe,paddy
3,3,cantaloupe,cantaloupe
3,18,cantaloupe,paddy
3,16,cantaloupe,melon
3,16,cantaloupe,melon
3,3,cantaloupe,cantaloupe
3,27,cantaloupe,tobacco
3,18,cantaloupe,paddy
3,3,cantaloupe,cantaloupe
3,16,cantaloupe,melon
3,15,cantaloupe,mango
3,3,cantaloupe,cantaloupe
3,6,cantaloupe,corn
3,16,cantaloupe,melon
3,3,cantaloupe,cantaloupe
3,3,cantaloupe,cantaloupe
3,3,cantaloupe,cantaloupe
3,12,cantaloupe,guava
3,3,cantaloupe,cantaloupe
3,16,cantaloupe,melon
3,3,cantaloupe,cantaloupe
3,3,cantaloupe,cantaloupe
3,16,cantaloupe,melon
3,3,cantaloupe,cantaloupe
3,3,cantaloupe,cantaloupe
3,3,cantaloupe,cantaloupe
3,4,cantaloupe,cassava
3,22,cantaloupe,pomelo
3,3,cantaloupe,cantaloupe
3,22,cantaloupe,pomelo
3,3,cantaloupe,cantaloupe
3,15,cantaloupe,mango
3,3,cantaloupe,cantaloupe
3,16,cantaloupe,melon
3,3,cantaloupe,cantaloupe
3,5,cantaloupe,coconut
3,16,cantaloupe,melon
3,3,cantaloupe,cantaloupe
3,3,cantaloupe,cantaloupe
3,16,cantaloupe,melon
3,18,cantaloupe,paddy
3,0,cantaloupe,aloevera
3,3,cantaloupe,cantaloupe
3,3,cantaloupe,cantaloupe
3,3,cantaloupe,cantaloupe
3,3,cantaloupe,cantaloupe
3,3,cantaloupe,cantaloupe
3,3,cantaloupe,cantaloupe
3,16,cantaloupe,melon
3,3,cantaloupe,cantaloupe
3,22,cantaloupe,pomelo
3,3,cantaloupe,cantaloupe
3,16,cantaloupe,melon
3,3,cantaloupe,cantaloupe
3,5,cantaloupe,coconut
3,3,cantaloupe,cantaloupe
3,3,cantaloupe,cantaloupe
3,16,cantaloupe,melon
3,16,cantaloupe,melon
3,16,cantaloupe,melon
3,3,cantaloupe,cantaloupe
3,3,cantaloupe,cantaloupe
3,16,cantaloupe,melon
3,16,cantaloupe,melon
3,16,cantaloupe,melon
3,3,cantaloupe,cantaloupe
3,3,cantaloupe,cantaloupe
3,16,cantaloupe,melon
3,7,cantaloupe,cucumber
3,3,cantaloupe,cantaloupe
3,16,cantaloupe,melon
3,3,cantaloupe,cantaloupe
3,3,cantaloupe,cantaloupe
3,21,cantaloupe,pineapple
3,3,cantaloupe,cantaloupe
3,27,cantaloupe,tobacco
3,3,cantaloupe,cantaloupe
3,3,cantaloupe,cantaloupe
3,3,cantaloupe,cantaloupe
3,3,cantaloupe,cantaloupe
3,3,cantaloupe,cantaloupe
3,18,cantaloupe,paddy
3,16,cantaloupe,melon
3,3,cantaloupe,cantaloupe
3,4,cantaloupe,cassava
3,4,cantaloupe,cassava
3,3,cantaloupe,cantaloupe
3,3,cantaloupe,cantaloupe
3,16,cantaloupe,melon
3,3,cantaloupe,cantaloupe
3,3,cantaloupe,cantaloupe
3,3,cantaloupe,cantaloupe
3,3,cantaloupe,cantaloupe
3,16,cantaloupe,melon
3,27,cantaloupe,tobacco
3,16,cantaloupe,melon
3,21,cantaloupe,pineapple
3,3,cantaloupe,cantaloupe
3,3,cantaloupe,cantaloupe
3,18,cantaloupe,paddy
3,7,cantaloupe,cucumber
3,3,cantaloupe,cantaloupe
3,16,cantaloupe,melon
3,7,cantaloupe,cucumber
3,3,cantaloupe,cantaloupe
3,16,cantaloupe,melon
3,16,cantaloupe,melon
3,16,cantaloupe,melon
3,3,cantaloupe,cantaloupe
3,5,cantaloupe,coconut
3,16,cantaloupe,melon
3,18,cantaloupe,paddy
3,0,cantaloupe,aloevera
3,16,cantaloupe,melon
3,16,cantaloupe,melon
3,3,cantaloupe,cantaloupe
3,3,cantaloupe,cantaloupe
3,21,cantaloupe,pineapple
3,3,cantaloupe,cantaloupe
3,3,cantaloupe,cantaloupe
3,27,cantaloupe,tobacco
3,3,cantaloupe,cantaloupe
3,3,cantaloupe,cantaloupe
3,16,cantaloupe,melon
4,4,cassava,cassava
4,2,cassava,bilimbi
4,9,cassava,eggplant
4,23,cassava,shallot
4,27,cassava,tobacco
4,4,cassava,cassava
4,4,cassava,cassava
4,7,cassava,cucumber
4,4,cassava,cassava
4,27,cassava,tobacco
4,18,cassava,paddy
4,4,cassava,cassava
4,18,cassava,paddy
4,4,cassava,cassava
4,4,cassava,cassava
4,4,cassava,cassava
4,4,cassava,cassava
4,4,cassava,cassava
4,27,cassava,tobacco
4,10,cassava,galangal
4,4,cassava,cassava
4,4,cassava,cassava
4,2,cassava,bilimbi
4,10,cassava,galangal
4,4,cassava,cassava
4,4,cassava,cassava
4,4,cassava,cassava
4,4,cassava,cassava
4,25,cassava,spinach
4,27,cassava,tobacco
4,4,cassava,cassava
4,13,cassava,kale
4,4,cassava,cassava
4,4,cassava,cassava
4,18,cassava,paddy
4,11,cassava,ginger
4,4,cassava,cassava
4,4,cassava,cassava
4,4,cassava,cassava
4,27,cassava,tobacco
4,9,cassava,eggplant
4,18,cassava,paddy
4,27,cassava,tobacco
4,4,cassava,cassava
4,4,cassava,cassava
4,9,cassava,eggplant
4,18,cassava,paddy
4,4,cassava,cassava
4,27,cassava,tobacco
4,26,cassava,sweetpotatoes
4,18,cassava,paddy
4,4,cassava,cassava
4,21,cassava,pineapple
4,4,cassava,cassava
4,4,cassava,cassava
4,4,cassava,cassava
4,4,cassava,cassava
4,27,cassava,tobacco
4,4,cassava,cassava
4,4,cassava,cassava
4,25,cassava,spinach
4,4,cassava,cassava
4,10,cassava,galangal
4,27,cassava,tobacco
4,4,cassava,cassava
4,18,cassava,paddy
4,24,cassava,soybeans
4,23,cassava,shallot
4,4,cassava,cassava
4,14,cassava,longbeans
4,10,cassava,galangal
4,11,cassava,ginger
4,27,cassava,tobacco
4,4,cassava,cassava
4,4,cassava,cassava
4,4,cassava,cassava
4,27,cassava,tobacco
4,4,cassava,cassava
4,4,cassava,cassava
4,4,cassava,cassava
4,4,cassava,cassava
4,4,cassava,cassava
4,4,cassava,cassava
4,27,cassava,tobacco
4,8,cassava,curcuma
4,11,cassava,ginger
4,4,cassava,cassava
4,4,cassava,cassava
4,11,cassava,ginger
4,27,cassava,tobacco
4,27,cassava,tobacco
4,4,cassava,cassava
4,4,cassava,cassava
4,28,cassava,waterapple
4,23,cassava,shallot
4,4,cassava,cassava
4,4,cassava,cassava
4,4,cassava,cassava
4,4,cassava,cassava
4,4,cassava,cassava
4,4,cassava,cassava
4,4,cassava,cassava
4,10,cassava,galangal
4,4,cassava,cassava
4,4,cassava,cassava
4,27,cassava,tobacco
4,4,cassava,cassava
4,23,cassava,shallot
4,4,cassava,cassava
4,4,cassava,cassava
4,4,cassava,cassava
4,4,cassava,cassava
4,4,cassava,cassava
4,4,cassava,cassava
4,4,cassava,cassava
4,4,cassava,cassava
4,4,cassava,cassava
4,18,cassava,paddy
4,10,cassava,galangal
4,4,cassava,cassava
4,4,cassava,cassava
4,4,cassava,cassava
4,4,cassava,cassava
4,4,cassava,cassava
4,23,cassava,shallot
4,4,cassava,cassava
4,4,cassava,cassava
4,4,cassava,cassava
4,10,cassava,galangal
4,14,cassava,longbeans
4,11,cassava,ginger
4,4,cassava,cassava
4,11,cassava,ginger
4,4,cassava,cassava
4,18,cassava,paddy
4,11,cassava,ginger
4,21,cassava,pineapple
4,4,cassava,cassava
4,21,cassava,pineapple
4,4,cassava,cassava
4,4,cassava,cassava
4,27,cassava,tobacco
4,4,cassava,cassava
4,4,cassava,cassava
4,21,cassava,pineapple
4,4,cassava,cassava
4,27,cassava,tobacco
4,4,cassava,cassava
4,4,cassava,cassava
4,4,cassava,cassava
4,4,cassava,cassava
4,4,cassava,cassava
4,4,cassava,cassava
4,24,cassava,soybeans
4,4,cassava,cassava
4,4,cassava,cassava
4,23,cassava,shallot
4,4,cassava,cassava
4,21,cassava,pineapple
4,4,cassava,cassava
4,4,cassava,cassava
4,4,cassava,cassava
4,27,cassava,tobacco
4,4,cassava,cassava
4,4,cassava,cassava
4,4,cassava,cassava
4,4,cassava,cassava
4,4,cassava,cassava
4,11,cassava,ginger
4,4,cassava,cassava
4,4,cassava,cassava
4,4,cassava,cassava
4,11,cassava,ginger
4,4,cassava,cassava
4,9,cassava,eggplant
4,4,cassava,cassava
4,8,cassava,curcuma
4,4,cassava,cassava
4,7,cassava,cucumber
4,4,cassava,cassava
4,8,cassava,curcuma
4,4,cassava,cassava
4,4,cassava,cassava
4,4,cassava,cassava
4,4,cassava,cassava
4,11,cassava,ginger
4,4,cassava,cassava
4,4,cassava,cassava
4,21,cassava,pineapple
4,5,cassava,coconut
4,21,cassava,pineapple
4,4,cassava,cassava
4,4,cassava,cassava
4,4,cassava,cassava
4,4,cassava,cassava
4,27,cassava,tobacco
4,4,cassava,cassava
4,10,cassava,galangal
4,4,cassava,cassava
4,21,cassava,pineapple
5,5,coconut,coconut
5,12,coconut,guava
5,4,coconut,cassava
5,10,coconut,galangal
5,4,coconut,cassava
5,4,coconut,cassava
5,5,coconut,coconut
5,10,coconut,galangal
5,4,coconut,cassava
5,5,coconut,coconut
5,5,coconut,coconut
5,5,coconut,coconut
5,18,coconut,paddy
5,5,coconut,coconut
5,4,coconut,cassava
5,0,coconut,aloevera
5,0,coconut,aloevera
5,5,coconut,coconut
5,4,coconut,cassava
5,4,coconut,cassava
5,28,coconut,waterapple
5,10,coconut,galangal
5,15,coconut,mango
5,5,coconut,coconut
5,5,coconut,coconut
5,4,coconut,cassava
5,4,coconut,cassava
5,5,coconut,coconut
5,4,coconut,cassava
5,0,coconut,aloevera
5,23,coconut,shallot
5,4,coconut,cassava
5,10,coconut,galangal
5,4,coconut,cassava
5,5,coconut,coconut
5,4,coconut,cassava
5,5,coconut,coconut
5,4,coconut,cassava
5,5,coconut,coconut
5,27,coconut,tobacco
5,5,coconut,coconut
5,5,coconut,coconut
5,0,coconut,aloevera
5,5,coconut,coconut
5,5,coconut,coconut
5,5,coconut,coconut
5,15,coconut,mango
5,4,coconut,cassava
5,5,coconut,coconut
5,10,coconut,galangal
5,5,coconut,coconut
5,4,coconut,cassava
5,21,coconut,pineapple
5,4,coconut,cassava
5,4,coconut,cassava
5,5,coconut,coconut
5,5,coconut,coconut
5,5,coconut,coconut
5,4,coconut,cassava
5,27,coconut,tobacco
5,5,coconut,coconut
5,28,coconut,waterapple
5,27,coconut,tobacco
5,18,coconut,paddy
5,10,coconut,galangal
5,4,coconut,cassava
5,5,coconut,coconut
5,5,coconut,coconut
5,4,coconut,cassava
5,4,coconut,cassava
5,4,coconut,cassava
5,4,coconut,cassava
5,5,coconut,coconut
5,5,coconut,coconut
5,4,coconut,cassava
5,4,coconut,cassava
5,27,coconut,tobacco
5,21,coconut,pineapple
5,5,coconut,coconut
5,5,coconut,coconut
5,5,coconut,coconut
5,10,coconut,galangal
5,5,coconut,coconut
5,4,coconut,cassava
5,5,coconut,coconut
5,5,coconut,coconut
5,0,coconut,aloevera
5,4,coconut,cassava
5,28,coconut,waterapple
5,5,coconut,coconut
5,5,coconut,coconut
5,21,coconut,pineapple
5,4,coconut,cassava
5,10,coconut,galangal
5,10,coconut,galangal
5,4,coconut,cassava
5,21,coconut,pineapple
5,5,coconut,coconut
5,5,coconut,coconut
5,5,coconut,coconut
5,5,coconut,coconut
5,5,coconut,coconut
5,5,coconut,coconut
5,27,coconut,tobacco
5,4,coconut,cassava
5,10,coconut,galangal
5,4,coconut,cassava
5,5,coconut,coconut
5,4,coconut,cassava
5,5,coconut,coconut
5,4,coconut,cassava
5,4,coconut,cassava
5,5,coconut,coconut
5,0,coconut,aloevera
5,10,coconut,galangal
5,0,coconut,aloevera
5,4,coconut,cassava
5,5,coconut,coconut
5,0,coconut,aloevera
5,10,coconut,galangal
5,21,coconut,pineapple
5,5,coconut,coconut
5,4,coconut,cassava
5,5,coconut,coconut
5,4,coconut,cassava
5,5,coconut,coconut
5,5,coconut,coconut
5,5,coconut,coconut
5,18,coconut,paddy
5,4,coconut,cassava
5,5,coconut,coconut
5,4,coconut,cassava
5,5,coconut,coconut
5,5,coconut,coconut
5,7,coconut,cucumber
5,15,coconut,mango
5,4,coconut,cassava
5,5,coconut,coconut
5,4,coconut,cassava
5,5,coconut,coconut
5,5,coconut,coconut
5,4,coconut,cassava
5,5,coconut,coconut
5,5,coconut,coconut
5,4,coconut,cassava
5,5,coconut,coconut
5,9,coconut,eggplant
5,5,coconut,coconut
5,4,coconut,cassava
5,5,coconut,coconut
5,14,coconut,longbeans
5,10,coconut,galangal
5,4,coconut,cassava
5,5,coconut,coconut
5,4,coconut,cassava
5,4,coconut,cassava
5,5,coconut,coconut
5,18,coconut,paddy
5,5,coconut,coconut
5,10,coconut,galangal
5,0,coconut,aloevera
5,5,coconut,coconut
5,5,coconut,coconut
5,5,coconut,coconut
5,5,coconut,coconut
5,11,coconut,ginger
5,0,coconut,aloevera
5,5,coconut,coconut
5,27,coconut,tobacco
5,5,coconut,coconut
5,5,coconut,coconut
5,0,coconut,aloevera
5,5,coconut,coconut
5,5,coconut,coconut
5,15,coconut,mango
5,5,coconut,coconut
5,0,coconut,aloevera
5,10,coconut,galangal
5,5,coconut,coconut
5,5,coconut,coconut
5,0,coconut,aloevera
5,27,coconut,tobacco
5,5,coconut,coconut
5,4,coconut,cassava
5,4,coconut,cassava
5,27,coconut,tobacco
5,4,coconut,cassava
5,4,coconut,cassava
5,4,coconut,cassava
5,5,coconut,coconut
5,5,coconut,coconut
5,10,coconut,galangal
5,18,coconut,paddy
5,7,coconut,cucumber
5,4,coconut,cassava
5,4,coconut,cassava
5,27,coconut,tobacco
5,18,coconut,paddy
5,4,coconut,cassava
5,4,coconut,cassava
6,17,corn,orange
6,6,corn,corn
6,6,corn,corn
6,10,corn,galangal
6,10,corn,galangal
6,21,corn,pineapple
6,6,corn,corn
6,9,corn,eggplant
6,8,corn,curcuma
6,6,corn,corn
6,11,corn,ginger
6,11,corn,ginger
6,21,corn,pineapple
6,6,corn,corn
6,6,corn,corn
6,6,corn,corn
6,6,corn,corn
6,6,corn,corn
6,21,corn,pineapple
6,6,corn,corn
6,21,corn,pineapple
6,9,corn,eggplant
6,6,corn,corn
6,6,corn,corn
6,3,corn,cantaloupe
6,8,corn,curcuma
6,6,corn,corn
6,6,corn,corn
6,21,corn,pineapple
6,6,corn,corn
6,11,corn,ginger
6,8,corn,curcuma
6,6,corn,corn
6,15,corn,mango
6,6,corn,corn
6,0,corn,aloevera
6,6,corn,corn
6,6,corn,corn
6,6,corn,corn
6,6,corn,corn
6,6,corn,corn
6,6,corn,corn
6,6,corn,corn
6,6,corn,corn
6,21,corn,pineapple
6,6,corn,corn
6,6,corn,corn
6,6,corn,corn
6,6,corn,corn
6,6,corn,corn
6,21,corn,pineapple
6,21,corn,pineapple
6,6,corn,corn
6,21,corn,pineapple
6,6,corn,corn
6,21,corn,pineapple
6,6,corn,corn
6,6,corn,corn
6,2,corn,bilimbi
6,6,corn,corn
6,6,corn,corn
6,6,corn,corn
6,6,corn,corn
6,6,corn,corn
6,1,corn,banana
6,6,corn,corn
6,6,corn,corn
6,6,corn,corn
6,6,corn,corn
6,6,corn,corn
6,6,corn,corn
6,6,corn,corn
6,6,corn,corn
6,6,corn,corn
6,21,corn,pineapple
6,1,corn,banana
6,1,corn,banana
6,1,corn,banana
6,6,corn,corn
6,21,corn,pineapple
6,6,corn,corn
6,6,corn,corn
6,6,corn,corn
6,6,corn,corn
6,6,corn,corn
6,21,corn,pineapple
6,1,corn,banana
6,6,corn,corn
6,21,corn,pineapple
6,6,corn,corn
6,21,corn,pineapple
6,8,corn,curcuma
6,6,corn,corn
6,6,corn,corn
6,6,corn,corn
6,21,corn,pineapple
6,21,corn,pineapple
6,6,corn,corn
6,6,corn,corn
6,6,corn,corn
6,1,corn,banana
6,11,corn,ginger
6,22,corn,pomelo
6,27,corn,tobacco
6,6,corn,corn
6,6,corn,corn
6,6,corn,corn
6,6,corn,corn
6,5,corn,coconut
6,6,corn,corn
6,1,corn,banana
6,7,corn,cucumber
6,21,corn,pineapple
6,6,corn,corn
6,1,corn,banana
6,6,corn,corn
6,28,corn,waterapple
6,6,corn,corn
6,6,corn,corn
6,6,corn,corn
6,6,corn,corn
6,6,corn,corn
6,6,corn,corn
6,1,corn,banana
6,8,corn,curcuma
6,1,corn,banana
6,1,corn,banana
6,6,corn,corn
6,6,corn,corn
6,6,corn,corn
6,7,corn,cucumber
6,6,corn,corn
6,6,corn,corn
6,5,corn,coconut
6,6,corn,corn
6,26,corn,sweetpotatoes
6,6,corn,corn
6,6,corn,corn
6,6,corn,corn
6,6,corn,corn
6,6,corn,corn
6,14,corn,longbeans
6,6,corn,corn
6,6,corn,corn
6,21,corn,pineapple
6,6,corn,corn
6,1,corn,banana
6,6,corn,corn
6,1,corn,banana
6,10,corn,galangal
6,9,corn,eggplant
6,6,corn,corn
6,6,corn,corn
6,21,corn,pineapple
6,6,corn,corn
6,6,corn,corn
6,2,corn,bilimbi
6,6,corn,corn
6,15,corn,mango
6,22,corn,pomelo
6,1,corn,banana
6,10,corn,galangal
6,6,corn,corn
6,6,corn,corn
6,19,corn,papaya
6,6,corn,corn
6,6,corn,corn
6,2,corn,bilimbi
6,1,corn,banana
6,6,corn,corn
6,6,corn,corn
6,6,corn,corn
6,22,corn,pomelo
6,29,corn,watermelon
6,6,corn,corn
6,6,corn,corn
6,11,corn,ginger
6,8,corn,curcuma
6,6,corn,corn
6,6,corn,corn
6,11,corn,ginger
6,6,corn,corn
6,6,corn,corn
6,6,corn,corn
6,16,corn,melon
6,21,corn,pineapple
6,6,corn,corn
6,17,corn,orange
6,6,corn,corn
6,6,corn,corn
6,6,corn,corn
6,18,corn,paddy
6,6,corn,corn
6,6,corn,corn
6,6,corn,corn
6,1,corn,banana
6,6,corn,corn
6,21,corn,pineapple
6,6,corn,corn
6,6,corn,corn
7,7,cucumber,cucumber
7,7,cucumber,cucumber
7,7,cucumber,cucumber
7,7,cucumber,cucumber
7,7,cucumber,cucumber
7,7,cucumber,cucumber
7,29,cucumber,watermelon
7,0,cucumber,aloevera
7,7,cucumber,cucumber
7,29,cucumber,watermelon
7,5,cucumber,coconut
7,25,cucumber,spinach
7,20,cucumber,peperchili
7,14,cucumber,longbeans
7,7,cucumber,cucumber
7,7,cucumber,cucumber
7,7,cucumber,cucumber
7,0,cucumber,aloevera
7,7,cucumber,cucumber
7,7,cucumber,cucumber
7,29,cucumber,watermelon
7,7,cucumber,cucumber
7,25,cucumber,spinach
7,13,cucumber,kale
7,7,cucumber,cucumber
7,25,cucumber,spinach
7,2,cucumber,bilimbi
7,7,cucumber,cucumber
7,15,cucumber,mango
7,14,cucumber,longbeans
7,7,cucumber,cucumber
7,21,cucumber,pineapple
7,7,cucumber,cucumber
7,13,cucumber,kale
7,7,cucumber,cucumber
7,7,cucumber,cucumber
7,7,cucumber,cucumber
7,7,cucumber,cucumber
7,2,cucumber,bilimbi
7,15,cucumber,mango
7,7,cucumber,cucumber
7,7,cucumber,cucumber
7,15,cucumber,mango
7,20,cucumber,peperchili
7,7,cucumber,cucumber
7,7,cucumber,cucumber
7,7,cucumber,cucumber
7,7,cucumber,cucumber
7,15,cucumber,mango
7,7,cucumber,cucumber
7,27,cucumber,tobacco
7,7,cucumber,cucumber
7,7,cucumber,cucumber
7,7,cucumber,cucumber
7,9,cucumber,eggplant
7,7,cucumber,cucumber
7,2,cucumber,bilimbi
7,7,cucumber,cucumber
7,7,cucumber,cucumber
7,7,cucumber,cucumber
7,13,cucumber,kale
7,7,cucumber,cucumber
7,7,cucumber,cucumber
7,14,cucumber,longbeans
7,25,cucumber,spinach
7,7,cucumber,cucumber
7,7,cucumber,cucumber
7,7,cucumber,cucumber
7,7,cucumber,cucumber
7,7,cucumber,cucumber
7,7,cucumber,cucumber
7,0,cucumber,aloevera
7,7,cucumber,cucumber
7,7,cucumber,cucumber
7,3,cucumber,cantaloupe
7,20,cucumber,peperchili
7,7,cucumber,cucumber
7,7,cucumber,cucumber
7,25,cucumber,spinach
7,7,cucumber,cucumber
7,7,cucumber,cucumber
7,7,cucumber,cucumber
7,7,cucumber,cucumber
7,7,cucumber,cucumber
7,7,cucumber,cucumber
7,7,cucumber,cucumber
7,7,cucumber,cucumber
7,15,cucumber,mango
7,7,cucumber,cucumber
7,15,cucumber,mango
7,7,cucumber,cucumber
7,25,cucumber,spinach
7,20,cucumber,peperchili
7,7,cucumber,cucumber
7,7,cucumber,cucumber
7,0,cucumber,aloevera
7,7,cucumber,cucumber
7,7,cucumber,cucumber
7,21,cucumber,pineapple
7,7,cucumber,cucumber
7,7,cucumber,cucumber
7,12,cucumber,guava
7,7,cucumber,cucumber
7,7,cucumber,cucumber
7,7,cucumber,cucumber
7,1,cucumber,banana
7,7,cucumber,cucumber
7,22,cucumber,pomelo
7,7,cucumber,cucumber
7,7,cucumber,cucumber
7,2,cucumber,bilimbi
7,7,cucumber,cucumber
7,7,cucumber,cucumber
7,7,cucumber,cucumber
7,7,cucumber,cucumber
7,20,cucumber,peperchili
7,21,cucumber,pineapple
7,12,cucumber,guava
7,7,cucumber,cucumber
7,7,cucumber,cucumber
7,7,cucumber,cucumber
7,7,cucumber,cucumber
7,7,cucumber,cucumber
7,7,cucumber,cucumber
7,7,cucumber,cucumber
7,7,cucumber,cucumber
7,7,cucumber,cucumber
7,7,cucumber,cucumber
7,0,cucumber,aloevera
7,29,cucumber,watermelon
7,7,cucumber,cucumber
7,15,cucumber,mango
7,7,cucumber,cucumber
7,7,cucumber,cucumber
7,7,cucumber,cucumber
7,25,cucumber,spinach
7,2,cucumber,bilimbi
7,7,cucumber,cucumber
7,7,cucumber,cucumber
7,7,cucumber,cucumber
7,7,cucumber,cucumber
7,20,cucumber,peperchili
7,7,cucumber,cucumber
7,7,cucumber,cucumber
7,21,cucumber,pineapple
7,7,cucumber,cucumber
7,7,cucumber,cucumber
7,0,cucumber,aloevera
7,7,cucumber,cucumber
7,7,cucumber,cucumber
7,7,cucumber,cucumber
7,7,cucumber,cucumber
7,7,cucumber,cucumber
7,15,cucumber,mango
7,7,cucumber,cucumber
7,7,cucumber,cucumber
7,7,cucumber,cucumber
7,0,cucumber,aloevera
7,6,cucumber,corn
7,7,cucumber,cucumber
7,7,cucumber,cucumber
7,0,cucumber,aloevera
7,0,cucumber,aloevera
7,13,cucumber,kale
7,7,cucumber,cucumber
7,7,cucumber,cucumber
7,7,cucumber,cucumber
7,3,cucumber,cantaloupe
7,7,cucumber,cucumber
7,7,cucumber,cucumber
7,2,cucumber,bilimbi
7,15,cucumber,mango
7,7,cucumber,cucumber
7,7,cucumber,cucumber
7,7,cucumber,cucumber
7,7,cucumber,cucumber
7,15,cucumber,mango
7,7,cucumber,cucumber
7,19,cucumber,papaya
7,3,cucumber,cantaloupe
7,7,cucumber,cucumber
7,7,cucumber,cucumber
7,7,cucumber,cucumber
7,15,cucumber,mango
7,7,cucumber,cucumber
7,7,cucumber,cucumber
7,7,cucumber,cucumber
7,9,cucumber,eggplant
7,16,cucumber,melon
7,7,cucumber,cucumber
7,7,cucumber,cucumber
7,7,cucumber,cucumber
7,7,cucumber,cucumber
7,7,cucumber,cucumber
7,7,cucumber,cucumber
7,7,cucumber,cucumber
7,18,cucumber,paddy
7,7,cucumber,cucumber
7,7,cucumber,cucumber
7,7,cucumber,cucumber
8,8,curcuma,curcuma
8,8,curcuma,curcuma
8,8,curcuma,curcuma
8,8,curcuma,curcuma
8,4,curcuma,cassava
8,12,curcuma,guava
8,8,curcuma,curcuma
8,8,curcuma,curcuma
8,8,curcuma,curcuma
8,8,curcuma,curcuma
8,8,curcuma,curcuma
8,27,curcuma,tobacco
8,8,curcuma,curcuma
8,8,curcuma,curcuma
8,11,curcuma,ginger
8,8,curcuma,curcuma
8,8,curcuma,curcuma
8,11,curcuma,ginger
8,8,curcuma,curcuma
8,8,curcuma,curcuma
8,8,curcuma,curcuma
8,8,curcuma,curcuma
8,10,curcuma,galangal
8,21,curcuma,pineapple
8,8,curcuma,curcuma
8,8,curcuma,curcuma
8,8,curcuma,curcuma
8,8,curcuma,curcuma
8,8,curcuma,curcuma
8,9,curcuma,eggplant
8,10,curcuma,galangal
8,4,curcuma,cassava
8,8,curcuma,curcuma
8,10,curcuma,galangal
8,21,curcuma,pineapple
8,8,curcuma,curcuma
8,8,curcuma,curcuma
8,8,curcuma,curcuma
8,23,curcuma,shallot
8,8,curcuma,curcuma
8,8,curcuma,curcuma
8,8,curcuma,curcuma
8,8,curcuma,curcuma
8,8,curcuma,curcuma
8,8,curcuma,curcuma
8,9,curcuma,eggplant
8,8,curcuma,curcuma
8,10,curcuma,galangal
8,8,curcuma,curcuma
8,8,curcuma,curcuma
8,8,curcuma,curcuma
8,8,curcuma,curcuma
8,8,curcuma,curcuma
8,8,curcuma,curcuma
8,8,curcuma,curcuma
8,8,curcuma,curcuma
8,10,curcuma,galangal
8,8,curcuma,curcuma
8,8,curcuma,curcuma
8,8,curcuma,curcuma
8,8,curcuma,curcuma
8,10,curcuma,galangal
8,8,curcuma,curcuma
8,8,curcuma,curcuma
8,8,curcuma,curcuma
8,1,curcuma,banana
8,8,curcuma,curcuma
8,11,curcuma,ginger
8,8,curcuma,curcuma
8,4,curcuma,cassava
8,8,curcuma,curcuma
8,8,curcuma,curcuma
8,8,curcuma,curcuma
8,8,curcuma,curcuma
8,8,curcuma,curcuma
8,8,curcuma,curcuma
8,8,curcuma,curcuma
8,2,curcuma,bilimbi
8,8,curcuma,curcuma
8,21,curcuma,pineapple
8,8,curcuma,curcuma
8,8,curcuma,curcuma
8,4,curcuma,cassava
8,10,curcuma,galangal
8,8,curcuma,curcuma
8,8,curcuma,curcuma
8,8,curcuma,curcuma
8,8,curcuma,curcuma
8,4,curcuma,cassava
8,8,curcuma,curcuma
8,8,curcuma,curcuma
8,8,curcuma,curcuma
8,21,curcuma,pineapple
8,8,curcuma,curcuma
8,8,curcuma,curcuma
8,8,curcuma,curcuma
8,8,curcuma,curcuma
8,11,curcuma,ginger
8,8,curcuma,curcuma
8,8,curcuma,curcuma
8,8,curcuma,curcuma
8,8,curcuma,curcuma
8,10,curcuma,galangal
8,8,curcuma,curcuma
8,8,curcuma,curcuma
8,8,curcuma,curcuma
8,8,curcuma,curcuma
8,8,curcuma,curcuma
8,8,curcuma,curcuma
8,27,curcuma,tobacco
8,8,curcuma,curcuma
8,8,curcuma,curcuma
8,8,curcuma,curcuma
8,4,curcuma,cassava
8,8,curcuma,curcuma
8,8,curcuma,curcuma
8,8,curcuma,curcuma
8,8,curcuma,curcuma
8,8,curcuma,curcuma
8,11,curcuma,ginger
8,8,curcuma,curcuma
8,10,curcuma,galangal
8,8,curcuma,curcuma
8,8,curcuma,curcuma
8,8,curcuma,curcuma
8,8,curcuma,curcuma
8,8,curcuma,curcuma
8,8,curcuma,curcuma
8,11,curcuma,ginger
8,8,curcuma,curcuma
8,8,curcuma,curcuma
8,8,curcuma,curcuma
8,8,curcuma,curcuma
8,8,curcuma,curcuma
8,11,curcuma,ginger
8,8,curcuma,curcuma
8,8,curcuma,curcuma
8,8,curcuma,curcuma
8,8,curcuma,curcuma
8,8,curcuma,curcuma
8,8,curcuma,curcuma
8,27,curcuma,tobacco
8,8,curcuma,curcuma
8,8,curcuma,curcuma
8,8,curcuma,curcuma
8,8,curcuma,curcuma
8,11,curcuma,ginger
8,8,curcuma,curcuma
8,24,curcuma,soybeans
8,11,curcuma,ginger
8,8,curcuma,curcuma
8,10,curcuma,galangal
8,18,curcuma,paddy
8,8,curcuma,curcuma
8,8,curcuma,curcuma
8,11,curcuma,ginger
8,8,curcuma,curcuma
8,8,curcuma,curcuma
8,8,curcuma,curcuma
8,8,curcuma,curcuma
8,8,curcuma,curcuma
8,11,curcuma,ginger
8,8,curcuma,curcuma
8,8,curcuma,curcuma
8,8,curcuma,curcuma
8,10,curcuma,galangal
8,8,curcuma,curcuma
8,8,curcuma,curcuma
8,11,curcuma,ginger
8,8,curcuma,curcuma
8,21,curcuma,pineapple
8,8,curcuma,curcuma
8,8,curcuma,curcuma
8,24,curcuma,soybeans
8,10,curcuma,galangal
8,11,curcuma,ginger
8,1,curcuma,banana
8,8,curcuma,curcuma
8,24,curcuma,soybeans
8,8,curcuma,curcuma
8,8,curcuma,curcuma
8,8,curcuma,curcuma
8,11,curcuma,ginger
8,8,curcuma,curcuma
8,11,curcuma,ginger
8,11,curcuma,ginger
8,8,curcuma,curcuma
8,8,curcuma,curcuma
8,1,curcuma,banana
8,3,curcuma,cantaloupe
8,8,curcuma,curcuma
8,8,curcuma,curcuma
8,9,curcuma,eggplant
8,4,curcuma,cassava
8,8,curcuma,curcuma
8,8,curcuma,curcuma
8,8,curcuma,curcuma
8,8,curcuma,curcuma
8,8,curcuma,curcuma
8,8,curcuma,curcuma
9,9,eggplant,eggplant
9,9,eggplant,eggplant
9,2,eggplant,bilimbi
9,0,eggplant,aloevera
9,2,eggplant,bilimbi
9,18,eggplant,paddy
9,9,eggplant,eggplant
9,9,eggplant,eggplant
9,9,eggplant,eggplant
9,0,eggplant,aloevera
9,9,eggplant,eggplant
9,2,eggplant,bilimbi
9,1,eggplant,banana
9,2,eggplant,bilimbi
9,9,eggplant,eggplant
9,5,eggplant,coconut
9,0,eggplant,aloevera
9,9,eggplant,eggplant
9,9,eggplant,eggplant
9,9,eggplant,eggplant
9,0,eggplant,aloevera
9,9,eggplant,eggplant
9,0,eggplant,aloevera
9,9,eggplant,eggplant
9,9,eggplant,eggplant
9,10,eggplant,galangal
9,2,eggplant,bilimbi
9,18,eggplant,paddy
9,10,eggplant,galangal
9,25,eggplant,spinach
9,9,eggplant,eggplant
9,0,eggplant,aloevera
9,13,eggplant,kale
9,18,eggplant,paddy
9,14,eggplant,longbeans
9,9,eggplant,eggplant
9,14,eggplant,longbeans
9,9,eggplant,eggplant
9,9,eggplant,eggplant
9,5,eggplant,coconut
9,25,eggplant,spinach
9,9,eggplant,eggplant
9,0,eggplant,aloevera
9,27,eggplant,tobacco
9,9,eggplant,eggplant
9,10,eggplant,galangal
9,2,eggplant,bilimbi
9,9,eggplant,eggplant
9,25,eggplant,spinach
9,9,eggplant,eggplant
9,9,eggplant,eggplant
9,9,eggplant,eggplant
9,9,eggplant,eggplant
9,9,eggplant,eggplant
9,9,eggplant,eggplant
9,27,eggplant,tobacco
9,9,eggplant,eggplant
9,13,eggplant,kale
9,7,eggplant,cucumber
9,13,eggplant,kale
9,0,eggplant,aloevera
9,3,eggplant,cantaloupe
9,9,eggplant,eggplant
9,14,eggplant,longbeans
9,9,eggplant,eggplant
9,9,eggplant,eggplant
9,2,eggplant,bilimbi
9,16,eggplant,melon
9,9,eggplant,eggplant
9,13,eggplant,kale
9,9,eggplant,eggplant
9,9,eggplant,eggplant
9,9,eggplant,eggplant
9,0,eggplant,aloevera
9,9,eggplant,eggplant
9,9,eggplant,eggplant
9,9,eggplant,eggplant
9,22,eggplant,pomelo
9,27,eggplant,tobacco
9,26,eggplant,sweetpotatoes
9,9,eggplant,eggplant
9,13,eggplant,kale
9,0,eggplant,aloevera
9,9,eggplant,eggplant
9,0,eggplant,aloevera
9,9,eggplant,eggplant
9,9,eggplant,eggplant
9,0,eggplant,aloevera
9,7,eggplant,cucumber
9,0,eggplant,aloevera
9,9,eggplant,eggplant
9,9,eggplant,eggplant
9,9,eggplant,eggplant
9,9,eggplant,eggplant
9,9,eggplant,eggplant
9,9,eggplant,eggplant
9,9,eggplant,eggplant
9,9,eggplant,eggplant
9,16,eggplant,melon
9,9,eggplant,eggplant
9,9,eggplant,eggplant
9,9,eggplant,eggplant
9,9,eggplant,eggplant
9,9,eggplant,eggplant
9,9,eggplant,eggplant
9,9,eggplant,eggplant
9,9,eggplant,eggplant
9,9,eggplant,eggplant
9,9,eggplant,eggplant
9,9,eggplant,eggplant
9,27,eggplant,tobacco
9,23,eggplant,shallot
9,10,eggplant,galangal
9,9,eggplant,eggplant
9,9,eggplant,eggplant
9,9,eggplant,eggplant
9,9,eggplant,eggplant
9,9,eggplant,eggplant
9,9,eggplant,eggplant
9,9,eggplant,eggplant
9,9,eggplant,eggplant
9,28,eggplant,waterapple
9,9,eggplant,eggplant
9,9,eggplant,eggplant
9,9,eggplant,eggplant
9,9,eggplant,eggplant
9,9,eggplant,eggplant
9,9,eggplant,eggplant
9,9,eggplant,eggplant
9,9,eggplant,eggplant
9,9,eggplant,eggplant
9,9,eggplant,eggplant
9,9,eggplant,eggplant
9,9,eggplant,eggplant
9,5,eggplant,coconut
9,9,eggplant,eggplant
9,9,eggplant,eggplant
9,9,eggplant,eggplant
9,9,eggplant,eggplant
9,9,eggplant,eggplant
9,11,eggplant,ginger
9,9,eggplant,eggplant
9,28,eggplant,waterapple
9,5,eggplant,coconut
9,9,eggplant,eggplant
9,9,eggplant,eggplant
9,9,eggplant,eggplant
9,9,eggplant,eggplant
9,9,eggplant,eggplant
9,26,eggplant,sweetpotatoes
9,9,eggplant,eggplant
9,9,eggplant,eggplant
9,15,eggplant,mango
9,9,eggplant,eggplant
9,9,eggplant,eggplant
9,9,eggplant,eggplant
9,9,eggplant,eggplant
9,9,eggplant,eggplant
9,9,eggplant,eggplant
9,9,eggplant,eggplant
9,9,eggplant,eggplant
9,9,eggplant,eggplant
9,9,eggplant,eggplant
9,9,eggplant,eggplant
9,9,eggplant,eggplant
9,9,eggplant,eggplant
9,9,eggplant,eggplant
9,23,eggplant,shallot
9,9,eggplant,eggplant
9,9,eggplant,eggplant
9,9,eggplant,eggplant
9,9,eggplant,eggplant
9,9,eggplant,eggplant
9,9,eggplant,eggplant
9,9,eggplant,eggplant
9,9,eggplant,eggplant
9,9,eggplant,eggplant
9,5,eggplant,coconut
9,20,eggplant,peperchili
9,9,eggplant,eggplant
9,9,eggplant,eggplant
9,9,eggplant,eggplant
9,9,eggplant,eggplant
9,9,eggplant,eggplant
9,9,eggplant,eggplant
9,9,eggplant,eggplant
9,9,eggplant,eggplant
9,9,eggplant,eggplant
9,13,eggplant,kale
9,4,eggplant,cassava
9,9,eggplant,eggplant
9,9,eggplant,eggplant
9,9,eggplant,eggplant
9,9,eggplant,eggplant
9,9,eggplant,eggplant
9,9,eggplant,eggplant
9,9,eggplant,eggplant
9,9,eggplant,eggplant
9,9,eggplant,eggplant
9,9,eggplant,eggplant
10,4,galangal,cassava
10,10,galangal,galangal
10,23,galangal,shallot
10,11,galangal,ginger
10,10,galangal,galangal
10,10,galangal,galangal
10,10,galangal,galangal
10,10,galangal,galangal
10,4,galangal,cassava
10,11,galangal,ginger
10,10,galangal,galangal
10,11,galangal,ginger
10,10,galangal,galangal
10,10,galangal,galangal
10,23,galangal,shallot
10,10,galangal,galangal
10,10,galangal,galangal
10,23,galangal,shallot
10,10,galangal,galangal
10,23,galangal,shallot
10,23,galangal,shallot
10,23,galangal,shallot
10,10,galangal,galangal
10,10,galangal,galangal
10,10,galangal,galangal
10,10,galangal,galangal
10,10,galangal,galangal
10,10,galangal,galangal
10,10,galangal,galangal
10,11,galangal,ginger
10,10,galangal,galangal
10,10,galangal,galangal
10,10,galangal,galangal
10,23,galangal,shallot
10,10,galangal,galangal
10,10,galangal,galangal
10,10,galangal,galangal
10,23,galangal,shallot
10,10,galangal,galangal
10,10,galangal,galangal
10,23,galangal,shallot
10,10,galangal,galangal
10,21,galangal,pineapple
10,10,galangal,galangal
10,10,galangal,galangal
10,9,galangal,eggplant
10,10,galangal,galangal
10,10,galangal,galangal
10,23,galangal,shallot
10,10,galangal,galangal
10,10,galangal,galangal
10,10,galangal,galangal
10,23,galangal,shallot
10,10,galangal,galangal
10,11,galangal,ginger
10,10,galangal,galangal
10,10,galangal,galangal
10,23,galangal,shallot
10,10,galangal,galangal
10,10,galangal,galangal
10,10,galangal,galangal
10,10,galangal,galangal
10,23,galangal,shallot
10,10,galangal,galangal
10,10,galangal,galangal
10,10,galangal,galangal
10,10,galangal,galangal
10,27,galangal,tobacco
10,11,galangal,ginger
10,26,galangal,sweetpotatoes
10,10,galangal,galangal
10,10,galangal,galangal
10,10,galangal,galangal
10,10,galangal,galangal
10,10,galangal,galangal
10,10,galangal,galangal
10,23,galangal,shallot
10,10,galangal,galangal
10,22,galangal,pomelo
10,23,galangal,shallot
10,10,galangal,galangal
10,10,galangal,galangal
10,10,galangal,galangal
10,10,galangal,galangal
10,27,galangal,tobacco
10,10,galangal,galangal
10,10,galangal,galangal
10,10,galangal,galangal
10,1,galangal,banana
10,11,galangal,ginger
10,6,galangal,corn
10,10,galangal,galangal
10,13,galangal,kale
10,10,galangal,galangal
10,10,galangal,galangal
10,10,galangal,galangal
10,10,galangal,galangal
10,10,galangal,galangal
10,10,galangal,galangal
10,10,galangal,galangal
10,10,galangal,galangal
10,9,galangal,eggplant
10,10,galangal,galangal
10,10,galangal,galangal
10,1,galangal,banana
10,10,galangal,galangal
10,10,galangal,galangal
10,12,galangal,guava
10,10,galangal,galangal
10,11,galangal,ginger
10,10,galangal,galangal
10,1,galangal,banana
10,0,galangal,aloevera
10,10,galangal,galangal
10,10,galangal,galangal
10,23,galangal,shallot
10,0,galangal,aloevera
10,10,galangal,galangal
10,10,galangal,galangal
10,10,galangal,galangal
10,10,galangal,galangal
10,10,galangal,galangal
10,23,galangal,shallot
10,10,galangal,galangal
10,10,galangal,galangal
10,10,galangal,galangal
10,10,galangal,galangal
10,23,galangal,shallot
10,10,galangal,galangal
10,10,galangal,galangal
10,23,galangal,shallot
10,10,galangal,galangal
10,10,galangal,galangal
10,10,galangal,galangal
10,10,galangal,galangal
10,10,galangal,galangal
10,10,galangal,galangal
10,10,galangal,galangal
10,10,galangal,galangal
10,10,galangal,galangal
10,18,galangal,paddy
10,10,galangal,galangal
10,10,galangal,galangal
10,11,galangal,ginger
10,10,galangal,galangal
10,4,galangal,cassava
10,23,galangal,shallot
10,1,galangal,banana
10,10,galangal,galangal
10,10,galangal,galangal
10,10,galangal,galangal
10,10,galangal,galangal
10,10,galangal,galangal
10,10,galangal,galangal
10,10,galangal,galangal
10,10,galangal,galangal
10,18,galangal,paddy
10,23,galangal,shallot
10,11,galangal,ginger
10,10,galangal,galangal
10,10,galangal,galangal
10,10,galangal,galangal
10,10,galangal,galangal
10,24,galangal,soybeans
10,11,galangal,ginger
10,10,galangal,galangal
10,10,galangal,galangal
10,27,galangal,tobacco
10,10,galangal,galangal
10,10,galangal,galangal
10,10,galangal,galangal
10,24,galangal,soybeans
10,10,galangal,galangal
10,10,galangal,galangal
10,10,galangal,galangal
10,10,galangal,galangal
10,10,galangal,galangal
10,10,galangal,galangal
10,21,galangal,pineapple
10,10,galangal,galangal
10,24,galangal,soybeans
10,10,galangal,galangal
10,17,galangal,orange
10,23,galangal,shallot
10,10,galangal,galangal
10,10,galangal,galangal
10,1,galangal,banana
10,23,galangal,shallot
10,23,galangal,shallot
10,11,galangal,ginger
10,10,galangal,galangal
10,10,galangal,galangal
10,10,galangal,galangal
10,10,galangal,galangal
10,23,galangal,shallot
10,23,galangal,shallot
10,11,galangal,ginger
10,10,galangal,galangal
10,12,galangal,guava
10,10,galangal,galangal
11,11,ginger,ginger
11,9,ginger,eggplant
11,11,ginger,ginger
11,11,ginger,ginger
11,10,ginger,galangal
11,11,ginger,ginger
11,11,ginger,ginger
11,11,ginger,ginger
11,11,ginger,ginger
11,11,ginger,ginger
11,10,ginger,galangal
11,11,ginger,ginger
11,26,ginger,sweetpotatoes
11,11,ginger,ginger
11,11,ginger,ginger
11,11,ginger,ginger
11,11,ginger,ginger
11,11,ginger,ginger
11,23,ginger,shallot
11,11,ginger,ginger
11,8,ginger,curcuma
11,11,ginger,ginger
11,11,ginger,ginger
11,4,ginger,cassava
11,11,ginger,ginger
11,10,ginger,galangal
11,10,ginger,galangal
11,11,ginger,ginger
11,11,ginger,ginger
11,11,ginger,ginger
11,22,ginger,pomelo
11,11,ginger,ginger
11,11,ginger,ginger
11,11,ginger,ginger
11,11,ginger,ginger
11,11,ginger,ginger
11,11,ginger,ginger
11,4,ginger,cassava
11,11,ginger,ginger
11,10,ginger,galangal
11,11,ginger,ginger
11,11,ginger,ginger
11,4,ginger,cassava
11,11,ginger,ginger
11,11,ginger,ginger
11,11,ginger,ginger
11,11,ginger,ginger
11,11,ginger,ginger
11,10,ginger,galangal
11,11,ginger,ginger
11,10,ginger,galangal
11,11,ginger,ginger
11,11,ginger,ginger
11,11,ginger,ginger
11,11,ginger,ginger
11,11,ginger,ginger
11,11,ginger,ginger
11,11,ginger,ginger
11,11,ginger,ginger
11,11,ginger,ginger
11,11,ginger,ginger
11,23,ginger,shallot
11,4,ginger,cassava
11,11,ginger,ginger
11,11,ginger,ginger
11,11,ginger,ginger
11,11,ginger,ginger
11,11,ginger,ginger
11,22,ginger,pomelo
11,11,ginger,ginger
11,23,ginger,shallot
11,11,ginger,ginger
11,11,ginger,ginger
11,26,ginger,sweetpotatoes
11,11,ginger,ginger
11,11,ginger,ginger
11,11,ginger,ginger
11,10,ginger,galangal
11,15,ginger,mango
11,23,ginger,shallot
11,27,ginger,tobacco
11,11,ginger,ginger
11,11,ginger,ginger
11,23,ginger,shallot
11,11,ginger,ginger
11,11,ginger,ginger
11,11,ginger,ginger
11,11,ginger,ginger
11,11,ginger,ginger
11,8,ginger,curcuma
11,8,ginger,curcuma
11,23,ginger,shallot
11,23,ginger,shallot
11,11,ginger,ginger
11,22,ginger,pomelo
11,10,ginger,galangal
11,22,ginger,pomelo
11,11,ginger,ginger
11,4,ginger,cassava
11,23,ginger,shallot
11,16,ginger,melon
11,11,ginger,ginger
11,11,ginger,ginger
11,22,ginger,pomelo
11,27,ginger,tobacco
11,11,ginger,ginger
11,11,ginger,ginger
11,11,ginger,ginger
11,23,ginger,shallot
11,11,ginger,ginger
11,10,ginger,galangal
11,11,ginger,ginger
11,11,ginger,ginger
11,11,ginger,ginger
11,10,ginger,galangal
11,23,ginger,shallot
11,23,ginger,shallot
11,11,ginger,ginger
11,11,ginger,ginger
11,10,ginger,galangal
11,11,ginger,ginger
11,11,ginger,ginger
11,8,ginger,curcuma
11,11,ginger,ginger
11,8,ginger,curcuma
11,10,ginger,galangal
11,11,ginger,ginger
11,11,ginger,ginger
11,11,ginger,ginger
11,26,ginger,sweetpotatoes
11,11,ginger,ginger
11,8,ginger,curcuma
11,11,ginger,ginger
11,11,ginger,ginger
11,11,ginger,ginger
11,10,ginger,galangal
11,11,ginger,ginger
11,11,ginger,ginger
11,11,ginger,ginger
11,11,ginger,ginger
11,11,ginger,ginger
11,16,ginger,melon
11,23,ginger,shallot
11,11,ginger,ginger
11,11,ginger,ginger
11,11,ginger,ginger
11,11,ginger,ginger
11,23,ginger,shallot
11,5,ginger,coconut
11,8,ginger,curcuma
11,11,ginger,ginger
11,11,ginger,ginger
11,8,ginger,curcuma
11,23,ginger,shallot
11,11,ginger,ginger
11,26,ginger,sweetpotatoes
11,10,ginger,galangal
11,11,ginger,ginger
11,11,ginger,ginger
11,11,ginger,ginger
11,11,ginger,ginger
11,11,ginger,ginger
11,11,ginger,ginger
11,11,ginger,ginger
11,23,ginger,shallot
11,26,ginger,sweetpotatoes
11,4,ginger,cassava
11,11,ginger,ginger
11,11,ginger,ginger
11,16,ginger,melon
11,11,ginger,ginger
11,11,ginger,ginger
11,10,ginger,galangal
11,19,ginger,papaya
11,23,ginger,shallot
11,10,ginger,galangal
11,10,ginger,galangal
11,26,ginger,sweetpotatoes
11,9,ginger,eggplant
11,11,ginger,ginger
11,10,ginger,galangal
11,11,ginger,ginger
11,11,ginger,ginger
11,19,ginger,papaya
11,5,ginger,coconut
11,11,ginger,ginger
11,11,ginger,ginger
11,11,ginger,ginger
11,11,ginger,ginger
11,9,ginger,eggplant
11,10,ginger,galangal
11,11,ginger,ginger
11,11,ginger,ginger
11,11,ginger,ginger
11,21,ginger,pineapple
11,11,ginger,ginger
11,11,ginger,ginger
11,11,ginger,ginger
11,11,ginger,ginger
11,11,ginger,ginger
12,12,guava,guava
12,28,guava,waterapple
12,12,guava,guava
12,12,guava,guava
12,12,guava,guava
12,12,guava,guava
12,12,guava,guava
12,12,guava,guava
12,12,guava,guava
12,12,guava,guava
12,12,guava,guava
12,12,guava,guava
12,12,guava,guava
12,12,guava,guava
12,12,guava,guava
12,12,guava,guava
12,12,guava,guava
12,22,guava,pomelo
12,12,guava,guava
12,12,guava,guava
12,12,guava,guava
12,22,guava,pomelo
12,12,guava,guava
12,22,guava,pomelo
12,12,guava,guava
12,12,guava,guava
12,12,guava,guava
12,12,guava,guava
12,12,guava,guava
12,12,guava,guava
12,12,guava,guava
12,22,guava,pomelo
12,22,guava,pomelo
12,12,guava,guava
12,0,guava,aloevera
12,12,guava,guava
12,12,guava,guava
12,12,guava,guava
12,12,guava,guava
12,12,guava,guava
12,12,guava,guava
12,7,guava,cucumber
12,7,guava,cucumber
12,22,guava,pomelo
12,12,guava,guava
12,22,guava,pomelo
12,12,guava,guava
12,12,guava,guava
12,12,guava,guava
12,12,guava,guava
12,12,guava,guava
12,12,guava,guava
12,12,guava,guava
12,12,guava,guava
12,12,guava,guava
12,12,guava,guava
12,12,guava,guava
12,12,guava,guava
12,12,guava,guava
12,12,guava,guava
12,12,guava,guava
12,12,guava,guava
12,12,guava,guava
12,12,guava,guava
12,12,guava,guava
12,12,guava,guava
12,12,guava,guava
12,22,guava,pomelo
12,12,guava,guava
12,5,guava,coconut
12,12,guava,guava
12,12,guava,guava
12,12,guava,guava
12,12,guava,guava
12,2,guava,bilimbi
12,16,guava,melon
12,22,guava,pomelo
12,2,guava,bilimbi
12,12,guava,guava
12,12,guava,guava
12,12,guava,guava
12,22,guava,pomelo
12,12,guava,guava
12,12,guava,guava
12,15,guava,mango
12,5,guava,coconut
12,12,guava,guava
12,5,guava,coconut
12,22,guava,pomelo
12,12,guava,guava
12,22,guava,pomelo
12,12,guava,guava
12,12,guava,guava
12,12,guava,guava
12,12,guava,guava
12,22,guava,pomelo
12,12,guava,guava
12,5,guava,coconut
12,5,guava,coconut
12,12,guava,guava
12,12,guava,guava
12,12,guava,guava
12,12,guava,guava
12,7,guava,cucumber
12,12,guava,guava
12,18,guava,paddy
12,2,guava,bilimbi
12,2,guava,bilimbi
12,1,guava,banana
12,12,guava,guava
12,5,guava,coconut
12,5,guava,coconut
12,15,guava,mango
12,5,guava,coconut
12,12,guava,guava
12,22,guava,pomelo
12,5,guava,coconut
12,12,guava,guava
12,2,guava,bilimbi
12,12,guava,guava
12,0,guava,aloevera
12,12,guava,guava
12,22,guava,pomelo
12,7,guava,cucumber
12,12,guava,guava
12,12,guava,guava
12,5,guava,coconut
12,5,guava,coconut
12,1,guava,banana
12,12,guava,guava
12,12,guava,guava
12,12,guava,guava
12,2,guava,bilimbi
12,5,guava,coconut
12,20,guava,peperchili
12,12,guava,guava
12,5,guava,coconut
12,2,guava,bilimbi
12,12,guava,guava
12,12,guava,guava
12,2,guava,bilimbi
12,12,guava,guava
12,12,guava,guava
12,15,guava,mango
12,15,guava,mango
12,5,guava,coconut
12,16,guava,melon
12,0,guava,aloevera
12,0,guava,aloevera
12,2,guava,bilimbi
12,12,guava,guava
12,5,guava,coconut
12,12,guava,guava
12,12,guava,guava
12,7,guava,cucumber
12,2,guava,bilimbi
12,21,guava,pineapple
12,12,guava,guava
12,2,guava,bilimbi
12,16,guava,melon
12,12,guava,guava
12,12,guava,guava
12,12,guava,guava
12,12,guava,guava
12,12,guava,guava
12,24,guava,soybeans
12,12,guava,guava
12,20,guava,peperchili
12,12,guava,guava
12,2,guava,bilimbi
12,5,guava,coconut
12,12,guava,guava
12,12,guava,guava
12,12,guava,guava
12,12,guava,guava
12,2,guava,bilimbi
12,2,guava,bilimbi
12,5,guava,coconut
12,18,guava,paddy
12,22,guava,pomelo
12,12,guava,guava
12,5,guava,coconut
12,12,guava,guava
12,12,guava,guava
12,12,guava,guava
12,5,guava,coconut
12,5,guava,coconut
12,12,guava,guava
12,12,guava,guava
12,12,guava,guava
12,12,guava,guava
12,24,guava,soybeans
12,12,guava,guava
12,5,guava,coconut
12,12,guava,guava
12,12,guava,guava
12,22,guava,pomelo
12,12,guava,guava
12,12,guava,guava
12,12,guava,guava
13,24,kale,soybeans
13,14,kale,longbeans
13,14,kale,longbeans
13,24,kale,soybeans
13,20,kale,peperchili
13,14,kale,longbeans
13,29,kale,watermelon
13,18,kale,paddy
13,14,kale,longbeans
13,7,kale,cucumber
13,13,kale,kale
13,25,kale,spinach
13,13,kale,kale
13,14,kale,longbeans
13,13,kale,kale
13,0,kale,aloevera
13,13,kale,kale
13,14,kale,longbeans
13,27,kale,tobacco
13,13,kale,kale
13,5,kale,coconut
13,13,kale,kale
13,25,kale,spinach
13,28,kale,waterapple
13,14,kale,longbeans
13,13,kale,kale
13,20,kale,peperchili
13,13,kale,kale
13,27,kale,tobacco
13,5,kale,coconut
13,14,kale,longbeans
13,15,kale,mango
13,13,kale,kale
13,27,kale,tobacco
13,27,kale,tobacco
13,24,kale,soybeans
13,13,kale,kale
13,25,kale,spinach
13,25,kale,spinach
13,13,kale,kale
13,13,kale,kale
13,14,kale,longbeans
13,13,kale,kale
13,7,kale,cucumber
13,29,kale,watermelon
13,24,kale,soybeans
13,18,kale,paddy
13,27,kale,tobacco
13,13,kale,kale
13,13,kale,kale
13,13,kale,kale
13,13,kale,kale
13,16,kale,melon
13,14,kale,longbeans
13,13,kale,kale
13,13,kale,kale
13,25,kale,spinach
13,5,kale,coconut
13,18,kale,paddy
13,13,kale,kale
13,13,kale,kale
13,14,kale,longbeans
13,14,kale,longbeans
13,0,kale,aloevera
13,13,kale,kale
13,14,kale,longbeans
13,13,kale,kale
13,14,kale,longbeans
13,13,kale,kale
13,13,kale,kale
13,13,kale,kale
13,19,kale,papaya
13,27,kale,tobacco
13,25,kale,spinach
13,27,kale,tobacco
13,25,kale,spinach
13,13,kale,kale
13,13,kale,kale
13,13,kale,kale
13,13,kale,kale
13,13,kale,kale
13,13,kale,kale
13,18,kale,paddy
13,13,kale,kale
13,13,kale,kale
13,14,kale,longbeans
13,25,kale,spinach
13,13,kale,kale
13,13,kale,kale
13,20,kale,peperchili
13,19,kale,papaya
13,14,kale,longbeans
13,13,kale,kale
13,0,kale,aloevera
13,14,kale,longbeans
13,25,kale,spinach
13,25,kale,spinach
13,25,kale,spinach
13,14,kale,longbeans
13,25,kale,spinach
13,14,kale,longbeans
13,13,kale,kale
13,13,kale,kale
13,24,kale,soybeans
13,14,kale,longbeans
13,25,kale,spinach
13,13,kale,kale
13,14,kale,longbeans
13,13,kale,kale
13,25,kale,spinach
13,13,kale,kale
13,14,kale,longbeans
13,13,kale,kale
13,13,kale,kale
13,27,kale,tobacco
13,25,kale,spinach
13,25,kale,spinach
13,14,kale,longbeans
13,25,kale,spinach
13,14,kale,longbeans
13,13,kale,kale
13,13,kale,kale
13,13,kale,kale
13,13,kale,kale
13,13,kale,kale
13,25,kale,spinach
13,25,kale,spinach
13,14,kale,longbeans
13,25,kale,spinach
13,14,kale,longbeans
13,25,kale,spinach
13,20,kale,peperchili
13,13,kale,kale
13,13,kale,kale
13,13,kale,kale
13,18,kale,paddy
13,13,kale,kale
13,25,kale,spinach
13,14,kale,longbeans
13,18,kale,paddy
13,13,kale,kale
13,13,kale,kale
13,25,kale,spinach
13,25,kale,spinach
13,13,kale,kale
13,24,kale,soybeans
13,13,kale,kale
13,27,kale,tobacco
13,13,kale,kale
13,25,kale,spinach
13,13,kale,kale
13,14,kale,longbeans
13,13,kale,kale
13,14,kale,longbeans
13,13,kale,kale
13,13,kale,kale
13,13,kale,kale
13,25,kale,spinach
13,13,kale,kale
13,13,kale,kale
13,13,kale,kale
13,13,kale,kale
13,13,kale,kale
13,14,kale,longbeans
13,14,kale,longbeans
13,13,kale,kale
13,13,kale,kale
13,14,kale,longbeans
13,25,kale,spinach
13,25,kale,spinach
13,25,kale,spinach
13,25,kale,spinach
13,14,kale,longbeans
13,13,kale,kale
13,13,kale,kale
13,13,kale,kale
13,27,kale,tobacco
13,13,kale,kale
13,27,kale,tobacco
13,24,kale,soybeans
13,25,kale,spinach
13,13,kale,kale
13,13,kale,kale
13,25,kale,spinach
13,13,kale,kale
13,13,kale,kale
13,13,kale,kale
13,13,kale,kale
13,27,kale,tobacco
13,14,kale,longbeans
13,25,kale,spinach
13,25,kale,spinach
13,14,kale,longbeans
13,27,kale,tobacco
13,13,kale,kale
13,13,kale,kale
13,13,kale,kale
13,13,kale,kale
13,14,kale,longbeans
13,25,kale,spinach
14,14,longbeans,longbeans
14,14,longbeans,longbeans
14,20,longbeans,peperchili
14,25,longbeans,spinach
14,14,longbeans,longbeans
14,14,longbeans,longbeans
14,14,longbeans,longbeans
14,24,longbeans,soybeans
14,14,longbeans,longbeans
14,14,longbeans,longbeans
14,14,longbeans,longbeans
14,14,longbeans,longbeans
14,7,longbeans,cucumber
14,14,longbeans,longbeans
14,14,longbeans,longbeans
14,14,longbeans,longbeans
14,18,longbeans,paddy
14,27,longbeans,tobacco
14,14,longbeans,longbeans
14,14,longbeans,longbeans
14,14,longbeans,longbeans
14,14,longbeans,longbeans
14,14,longbeans,longbeans
14,0,longbeans,aloevera
14,14,longbeans,longbeans
14,14,longbeans,longbeans
14,14,longbeans,longbeans
14,14,longbeans,longbeans
14,20,longbeans,peperchili
14,9,longbeans,eggplant
14,14,longbeans,longbeans
14,14,longbeans,longbeans
14,18,longbeans,paddy
14,14,longbeans,longbeans
14,7,longbeans,cucumber
14,14,longbeans,longbeans
14,14,longbeans,longbeans
14,14,longbeans,longbeans
14,14,longbeans,longbeans
14,0,longbeans,aloevera
14,14,longbeans,longbeans
14,25,longbeans,spinach
14,10,longbeans,galangal
14,25,longbeans,spinach
14,14,longbeans,longbeans
14,14,longbeans,longbeans
14,14,longbeans,longbeans
14,14,longbeans,longbeans
14,14,longbeans,longbeans
14,14,longbeans,longbeans
14,20,longbeans,peperchili
14,14,longbeans,longbeans
14,14,longbeans,longbeans
14,20,longbeans,peperchili
14,14,longbeans,longbeans
14,14,longbeans,longbeans
14,14,longbeans,longbeans
14,14,longbeans,longbeans
14,14,longbeans,longbeans
14,14,longbeans,longbeans
14,14,longbeans,longbeans
14,14,longbeans,longbeans
14,25,longbeans,spinach
14,14,longbeans,longbeans
14,14,longbeans,longbeans
14,20,longbeans,peperchili
14,20,longbeans,peperchili
14,14,longbeans,longbeans
14,14,longbeans,longbeans
14,14,longbeans,longbeans
14,25,longbeans,spinach
14,14,longbeans,longbeans
14,14,longbeans,longbeans
14,14,longbeans,longbeans
14,14,longbeans,longbeans
14,14,longbeans,longbeans
14,14,longbeans,longbeans
14,14,longbeans,longbeans
14,24,longbeans,soybeans
14,24,longbeans,soybeans
14,14,longbeans,longbeans
14,25,longbeans,spinach
14,14,longbeans,longbeans
14,14,longbeans,longbeans
14,14,longbeans,longbeans
14,14,longbeans,longbeans
14,14,longbeans,longbeans
14,14,longbeans,longbeans
14,14,longbeans,longbeans
14,14,longbeans,longbeans
14,14,longbeans,longbeans
14,14,longbeans,longbeans
14,20,longbeans,peperchili
14,0,longbeans,aloevera
14,14,longbeans,longbeans
14,14,longbeans,longbeans
14,14,longbeans,longbeans
14,14,longbeans,longbeans
14,0,longbeans,aloevera
14,20,longbeans,peperchili
14,25,longbeans,spinach
14,5,longbeans,coconut
14,14,longbeans,longbeans
14,18,longbeans,paddy
14,27,longbeans,tobacco
14,14,longbeans,longbeans
14,14,longbeans,longbeans
14,20,longbeans,peperchili
14,13,longbeans,kale
14,25,longbeans,spinach
14,14,longbeans,longbeans
14,20,longbeans,peperchili
14,24,longbeans,soybeans
14,14,longbeans,longbeans
14,20,longbeans,peperchili
14,14,longbeans,longbeans
14,14,longbeans,longbeans
14,14,longbeans,longbeans
14,14,longbeans,longbeans
14,0,longbeans,aloevera
14,24,longbeans,soybeans
14,0,longbeans,aloevera
14,14,longbeans,longbeans
14,14,longbeans,longbeans
14,14,longbeans,longbeans
14,14,longbeans,longbeans
14,14,longbeans,longbeans
14,14,longbeans,longbeans
14,14,longbeans,longbeans
14,0,longbeans,aloevera
14,14,longbeans,longbeans
14,14,longbeans,longbeans
14,14,longbeans,longbeans
14,14,longbeans,longbeans
14,13,longbeans,kale
14,14,longbeans,longbeans
14,14,longbeans,longbeans
14,14,longbeans,longbeans
14,14,longbeans,longbeans
14,25,longbeans,spinach
14,15,longbeans,mango
14,13,longbeans,kale
14,0,longbeans,aloevera
14,14,longbeans,longbeans
14,14,longbeans,longbeans
14,25,longbeans,spinach
14,14,longbeans,longbeans
14,14,longbeans,longbeans
14,25,longbeans,spinach
14,14,longbeans,longbeans
14,14,longbeans,longbeans
14,25,longbeans,spinach
14,13,longbeans,kale
14,25,longbeans,spinach
14,14,longbeans,longbeans
14,20,longbeans,peperchili
14,14,longbeans,longbeans
14,14,longbeans,longbeans
14,14,longbeans,longbeans
14,14,longbeans,longbeans
14,14,longbeans,longbeans
14,13,longbeans,kale
14,14,longbeans,longbeans
14,13,longbeans,kale
14,27,longbeans,tobacco
14,14,longbeans,longbeans
14,14,longbeans,longbeans
14,14,longbeans,longbeans
14,14,longbeans,longbeans
14,14,longbeans,longbeans
14,14,longbeans,longbeans
14,14,longbeans,longbeans
14,24,longbeans,soybeans
14,13,longbeans,kale
14,14,longbeans,longbeans
14,14,longbeans,longbeans
14,14,longbeans,longbeans
14,14,longbeans,longbeans
14,13,longbeans,kale
14,14,longbeans,longbeans
14,13,longbeans,kale
14,14,longbeans,longbeans
14,14,longbeans,longbeans
14,14,longbeans,longbeans
14,20,longbeans,peperchili
14,14,longbeans,longbeans
14,14,longbeans,longbeans
14,14,longbeans,longbeans
14,14,longbeans,longbeans
14,29,longbeans,watermelon
14,14,longbeans,longbeans
14,14,longbeans,longbeans
14,14,longbeans,longbeans
14,14,longbeans,longbeans
14,14,longbeans,longbeans
14,18,longbeans,paddy
14,14,longbeans,longbeans
14,14,longbeans,longbeans
14,14,longbeans,longbeans
14,25,longbeans,spinach
15,6,mango,corn
15,22,mango,pomelo
15,6,mango,corn
15,15,mango,mango
15,8,mango,curcuma
15,22,mango,pomelo
15,15,mango,mango
15,17,mango,orange
15,8,mango,curcuma
15,15,mango,mango
15,15,mango,mango
15,6,mango,corn
15,17,mango,orange
15,22,mango,pomelo
15,17,mango,orange
15,21,mango,pineapple
15,15,mango,mango
15,17,mango,orange
15,15,mango,mango
15,15,mango,mango
15,6,mango,corn
15,6,mango,corn
15,9,mango,eggplant
15,11,mango,ginger
15,15,mango,mango
15,1,mango,banana
15,6,mango,corn
15,19,mango,papaya
15,15,mango,mango
15,15,mango,mango
15,19,mango,papaya
15,6,mango,corn
15,17,mango,orange
15,15,mango,mango
15,5,mango,coconut
15,5,mango,coconut
15,28,mango,waterapple
15,15,mango,mango
15,21,mango,pineapple
15,1,mango,banana
15,15,mango,mango
15,15,mango,mango
15,18,mango,paddy
15,13,mango,kale
15,8,mango,curcuma
15,7,mango,cucumber
15,15,mango,mango
15,6,mango,corn
15,15,mango,mango
15,17,mango,orange
15,28,mango,waterapple
15,15,mango,mango
15,1,mango,banana
15,2,mango,bilimbi
15,12,mango,guava
15,15,mango,mango
15,5,mango,coconut
15,17,mango,orange
15,22,mango,pomelo
15,8,mango,curcuma
15,19,mango,papaya
15,15,mango,mango
15,15,mango,mango
15,17,mango,orange
15,15,mango,mango
15,15,mango,mango
15,15,mango,mango
15,22,mango,pomelo
15,13,mango,kale
15,21,mango,pineapple
15,13,mango,kale
15,19,mango,papaya
15,21,mango,pineapple
15,6,mango,corn
15,15,mango,mango
15,15,mango,mango
15,12,mango,guava
15,21,mango,pineapple
15,2,mango,bilimbi
15,22,mango,pomelo
15,21,mango,pineapple
15,1,mango,banana
15,17,mango,orange
15,21,mango,pineapple
15,15,mango,mango
15,17,mango,orange
15,15,mango,mango
15,22,mango,pomelo
15,15,mango,mango
15,7,mango,cucumber
15,15,mango,mango
15,17,mango,orange
15,29,mango,watermelon
15,15,mango,mango
15,23,mango,shallot
15,28,mango,waterapple
15,28,mango,waterapple
15,15,mango,mango
15,17,mango,orange
15,17,mango,orange
15,19,mango,papaya
15,15,mango,mango
15,6,mango,corn
15,15,mango,mango
15,16,mango,melon
15,17,mango,orange
15,13,mango,kale
15,21,mango,pineapple
15,2,mango,bilimbi
15,6,mango,corn
15,17,mango,orange
15,6,mango,corn
15,6,mango,corn
15,28,mango,waterapple
15,20,mango,peperchili
15,3,mango,cantaloupe
15,15,mango,mango
15,15,mango,mango
15,1,mango,banana
15,18,mango,paddy
15,2,mango,bilimbi
15,14,mango,longbeans
15,8,mango,curcuma
15,2,mango,bilimbi
15,17,mango,orange
15,21,mango,pineapple
15,17,mango,orange
15,8,mango,curcuma
15,15,mango,mango
15,21,mango,pineapple
15,16,mango,melon
15,17,mango,orange
15,15,mango,mango
15,8,mango,curcuma
15,19,mango,papaya
15,15,mango,mango
15,15,mango,mango
15,21,mango,pineapple
15,10,mango,galangal
15,15,mango,mango
15,22,mango,pomelo
15,19,mango,papaya
15,11,mango,ginger
15,15,mango,mango
15,15,mango,mango
15,15,mango,mango
15,15,mango,mango
15,6,mango,corn
15,17,mango,orange
15,15,mango,mango
15,12,mango,guava
15,6,mango,corn
15,15,mango,mango
15,5,mango,coconut
15,15,mango,mango
15,21,mango,pineapple
15,15,mango,mango
15,21,mango,pineapple
15,15,mango,mango
15,6,mango,corn
15,15,mango,mango
15,17,mango,orange
15,1,mango,banana
15,11,mango,ginger
15,5,mango,coconut
15,9,mango,eggplant
15,29,mango,watermelon
15,15,mango,mango
15,3,mango,cantaloupe
15,6,mango,corn
15,17,mango,orange
15,19,mango,papaya
15,6,mango,corn
15,17,mango,orange
15,1,mango,banana
15,17,mango,orange
15,17,mango,orange
15,17,mango,orange
15,17,mango,orange
15,17,mango,orange
15,15,mango,mango
15,17,mango,orange
15,1,mango,banana
15,15,mango,mango
15,17,mango,orange
15,1,mango,banana
15,17,mango,orange
15,1,mango,banana
15,19,mango,papaya
15,15,mango,mango
15,8,mango,curcuma
15,1,mango,banana
15,1,mango,banana
15,17,mango,orange
15,15,mango,mango
15,6,mango,corn
15,17,mango,orange
15,6,mango,corn
15,17,mango,orange
15,17,mango,orange
16,5,melon,coconut
16,3,melon,cantaloupe
16,16,melon,melon
16,3,melon,cantaloupe
16,3,melon,cantaloupe
16,3,melon,cantaloupe
16,6,melon,corn
16,22,melon,pomelo
16,2,melon,bilimbi
16,16,melon,melon
16,7,melon,cucumber
16,16,melon,melon
16,24,melon,soybeans
16,0,melon,aloevera
16,3,melon,cantaloupe
16,3,melon,cantaloupe
16,3,melon,cantaloupe
16,6,melon,corn
16,27,melon,tobacco
16,16,melon,melon
16,2,melon,bilimbi
16,4,melon,cassava
16,16,melon,melon
16,6,melon,corn
16,22,melon,pomelo
16,3,melon,cantaloupe
16,11,melon,ginger
16,3,melon,cantaloupe
16,3,melon,cantaloupe
16,5,melon,coconut
16,3,melon,cantaloupe
16,3,melon,cantaloupe
16,21,melon,pineapple
16,3,melon,cantaloupe
16,3,melon,cantaloupe
16,3,melon,cantaloupe
16,22,melon,pomelo
16,3,melon,cantaloupe
16,16,melon,melon
16,6,melon,corn
16,16,melon,melon
16,0,melon,aloevera
16,16,melon,melon
16,16,melon,melon
16,3,melon,cantaloupe
16,3,melon,cantaloupe
16,3,melon,cantaloupe
16,3,melon,cantaloupe
16,3,melon,cantaloupe
16,16,melon,melon
16,3,melon,cantaloupe
16,3,melon,cantaloupe
16,4,melon,cassava
16,0,melon,aloevera
16,3,melon,cantaloupe
16,3,melon,cantaloupe
16,16,melon,melon
16,16,melon,melon
16,3,melon,cantaloupe
16,3,melon,cantaloupe
16,3,melon,cantaloupe
16,3,melon,cantaloupe
16,16,melon,melon
16,18,melon,paddy
16,3,melon,cantaloupe
16,18,melon,paddy
16,16,melon,melon
16,16,melon,melon
16,16,melon,melon
16,3,melon,cantaloupe
16,27,melon,tobacco
16,18,melon,paddy
16,3,melon,cantaloupe
16,16,melon,melon
16,15,melon,mango
16,3,melon,cantaloupe
16,6,melon,corn
16,16,melon,melon
16,3,melon,cantaloupe
16,3,melon,cantaloupe
16,3,melon,cantaloupe
16,3,melon,cantaloupe
16,12,melon,guava
16,3,melon,cantaloupe
16,16,melon,melon
16,3,melon,cantaloupe
16,3,melon,cantaloupe
16,16,melon,melon
16,3,melon,cantaloupe
16,22,melon,pomelo
16,3,melon,cantaloupe
16,3,melon,cantaloupe
16,3,melon,cantaloupe
16,4,melon,cassava
16,22,melon,pomelo
16,3,melon,cantaloupe
16,22,melon,pomelo
16,3,melon,cantaloupe
16,15,melon,mango
16,3,melon,cantaloupe
16,16,melon,melon
16,3,melon,cantaloupe
16,3,melon,cantaloupe
16,5,melon,coconut
16,16,melon,melon
16,3,melon,cantaloupe
16,3,melon,cantaloupe
16,16,melon,melon
16,18,melon,paddy
16,0,melon,aloevera
16,3,melon,cantaloupe
16,3,melon,cantaloupe
16,3,melon,cantaloupe
16,3,melon,cantaloupe
16,3,melon,cantaloupe
16,3,melon,cantaloupe
16,3,melon,cantaloupe
16,16,melon,melon
16,3,melon,cantaloupe
16,22,melon,pomelo
16,3,melon,cantaloupe
16,16,melon,melon
16,3,melon,cantaloupe
16,5,melon,coconut
16,5,melon,coconut
16,3,melon,cantaloupe
16,3,melon,cantaloupe
16,16,melon,melon
16,16,melon,melon
16,16,melon,melon
16,3,melon,cantaloupe
16,3,melon,cantaloupe
16,16,melon,melon
16,16,melon,melon
16,16,melon,melon
16,16,melon,melon
16,3,melon,cantaloupe
16,3,melon,cantaloupe
16,16,melon,melon
16,7,melon,cucumber
16,3,melon,cantaloupe
16,16,melon,melon
16,3,melon,cantaloupe
16,3,melon,cantaloupe
16,21,melon,pineapple
16,3,melon,cantaloupe
16,3,melon,cantaloupe
16,27,melon,tobacco
16,3,melon,cantaloupe
16,3,melon,cantaloupe
16,3,melon,cantaloupe
16,3,melon,cantaloupe
16,3,melon,cantaloupe
16,18,melon,paddy
16,16,melon,melon
16,3,melon,cantaloupe
16,3,melon,cantaloupe
16,4,melon,cassava
16,4,melon,cassava
16,3,melon,cantaloupe
16,3,melon,cantaloupe
16,16,melon,melon
16,3,melon,cantaloupe
16,3,melon,cantaloupe
16,3,melon,cantaloupe
16,3,melon,cantaloupe
16,16,melon,melon
16,21,melon,pineapple
16,27,melon,tobacco
16,16,melon,melon
16,21,melon,pineapple
16,3,melon,cantaloupe
16,3,melon,cantaloupe
16,18,melon,paddy
16,7,melon,cucumber
16,3,melon,cantaloupe
16,16,melon,melon
16,7,melon,cucumber
16,3,melon,cantaloupe
16,3,melon,cantaloupe
16,16,melon,melon
16,16,melon,melon
16,16,melon,melon
16,3,melon,cantaloupe
16,5,melon,coconut
16,16,melon,melon
16,18,melon,paddy
16,0,melon,aloevera
16,16,melon,melon
16,3,melon,cantaloupe
16,16,melon,melon
16,3,melon,cantaloupe
16,3,melon,cantaloupe
16,21,melon,pineapple
16,3,melon,cantaloupe
16,3,melon,cantaloupe
16,27,melon,tobacco
16,3,melon,cantaloupe
16,3,melon,cantaloupe
16,16,melon,melon
17,17,orange,orange
17,17,orange,orange
17,6,orange,corn
17,12,orange,guava
17,17,orange,orange
17,21,orange,pineapple
17,17,orange,orange
17,24,orange,soybeans
17,21,orange,pineapple
17,17,orange,orange
17,15,orange,mango
17,17,orange,orange
17,17,orange,orange
17,11,orange,ginger
17,15,orange,mango
17,17,orange,orange
17,17,orange,orange
17,17,orange,orange
17,12,orange,guava
17,17,orange,orange
17,2,orange,bilimbi
17,6,orange,corn
17,5,orange,coconut
17,6,orange,corn
17,17,orange,orange
17,15,orange,mango
17,24,orange,soybeans
17,17,orange,orange
17,5,orange,coconut
17,1,orange,banana
17,17,orange,orange
17,21,orange,pineapple
17,17,orange,orange
17,12,orange,guava
17,17,orange,orange
17,22,orange,pomelo
17,17,orange,orange
17,15,orange,mango
17,15,orange,mango
17,17,orange,orange
17,17,orange,orange
17,5,orange,coconut
17,17,orange,orange
17,17,orange,orange
17,1,orange,banana
17,17,orange,orange
17,22,orange,pomelo
17,12,orange,guava
17,17,orange,orange
17,2,orange,bilimbi
17,22,orange,pomelo
17,17,orange,orange
17,17,orange,orange
17,17,orange,orange
17,15,orange,mango
17,13,orange,kale
17,8,orange,curcuma
17,19,orange,papaya
17,17,orange,orange
17,29,orange,watermelon
17,7,orange,cucumber
17,19,orange,papaya
17,17,orange,orange
17,17,orange,orange
17,17,orange,orange
17,27,orange,tobacco
17,19,orange,papaya
17,17,orange,orange
17,17,orange,orange
17,17,orange,orange
17,6,orange,corn
17,25,orange,spinach
17,16,orange,melon
17,17,orange,orange
17,17,orange,orange
17,22,orange,pomelo
17,17,orange,orange
17,27,orange,tobacco
17,17,orange,orange
17,3,orange,cantaloupe
17,17,orange,orange
17,17,orange,orange
17,6,orange,corn
17,15,orange,mango
17,5,orange,coconut
17,15,orange,mango
17,17,orange,orange
17,15,orange,mango
17,22,orange,pomelo
17,3,orange,cantaloupe
17,8,orange,curcuma
17,15,orange,mango
17,6,orange,corn
17,2,orange,bilimbi
17,17,orange,orange
17,17,orange,orange
17,2,orange,bilimbi
17,25,orange,spinach
17,6,orange,corn
17,7,orange,cucumber
17,21,orange,pineapple
17,9,orange,eggplant
17,17,orange,orange
17,18,orange,paddy
17,17,orange,orange
17,2,orange,bilimbi
17,17,orange,orange
17,6,orange,corn
17,0,orange,aloevera
17,13,orange,kale
17,6,orange,corn
17,17,orange,orange
17,10,orange,galangal
17,22,orange,pomelo
17,5,orange,coconut
17,17,orange,orange
17,19,orange,papaya
17,2,orange,bilimbi
17,5,orange,coconut
17,13,orange,kale
17,17,orange,orange
17,22,orange,pomelo
17,28,orange,waterapple
17,22,orange,pomelo
17,18,orange,paddy
17,22,orange,pomelo
17,5,orange,coconut
17,15,orange,mango
17,17,orange,orange
17,15,orange,mango
17,29,orange,watermelon
17,17,orange,orange
17,15,orange,mango
17,17,orange,orange
17,17,orange,orange
17,17,orange,orange
17,17,orange,orange
17,22,orange,pomelo
17,17,orange,orange
17,17,orange,orange
17,9,orange,eggplant
17,12,orange,guava
17,17,orange,orange
17,21,orange,pineapple
17,19,orange,papaya
17,17,orange,orange
17,22,orange,pomelo
17,21,orange,pineapple
17,17,orange,orange
17,19,orange,papaya
17,17,orange,orange
17,17,orange,orange
17,19,orange,papaya
17,18,orange,paddy
17,15,orange,mango
17,16,orange,melon
17,19,orange,papaya
17,17,orange,orange
17,18,orange,paddy
17,22,orange,pomelo
17,3,orange,cantaloupe
17,17,orange,orange
17,6,orange,corn
17,15,orange,mango
17,15,orange,mango
17,22,orange,pomelo
17,21,orange,pineapple
17,17,orange,orange
17,13,orange,kale
17,15,orange,mango
17,13,orange,kale
17,17,orange,orange
17,19,orange,papaya
17,22,orange,pomelo
17,2,orange,bilimbi
17,12,orange,guava
17,17,orange,orange
17,22,orange,pomelo
17,17,orange,orange
17,22,orange,pomelo
17,6,orange,corn
17,14,orange,longbeans
17,17,orange,orange
17,14,orange,longbeans
17,6,orange,corn
17,8,orange,curcuma
17,1,orange,banana
17,27,orange,tobacco
17,6,orange,corn
17,24,orange,soybeans
17,6,orange,corn
17,6,orange,corn
17,6,orange,corn
17,17,orange,orange
17,8,orange,curcuma
17,17,orange,orange
17,22,orange,pomelo
17,17,orange,orange
17,17,orange,orange
17,17,orange,orange
18,18,paddy,paddy
18,18,paddy,paddy
18,18,paddy,paddy
18,18,paddy,paddy
18,18,paddy,paddy
18,18,paddy,paddy
18,18,paddy,paddy
18,18,paddy,paddy
18,18,paddy,paddy
18,18,paddy,paddy
18,18,paddy,paddy
18,18,paddy,paddy
18,18,paddy,paddy
18,27,paddy,tobacco
18,18,paddy,paddy
18,21,paddy,pineapple
18,18,paddy,paddy
18,18,paddy,paddy
18,18,paddy,paddy
18,27,paddy,tobacco
18,18,paddy,paddy
18,18,paddy,paddy
18,18,paddy,paddy
18,18,paddy,paddy
18,18,paddy,paddy
18,18,paddy,paddy
18,18,paddy,paddy
18,18,paddy,paddy
18,18,paddy,paddy
18,27,paddy,tobacco
18,18,paddy,paddy
18,18,paddy,paddy
18,18,paddy,paddy
18,18,paddy,paddy
18,18,paddy,paddy
18,18,paddy,paddy
18,24,paddy,soybeans
18,18,paddy,paddy
18,18,paddy,paddy
18,18,paddy,paddy
18,18,paddy,paddy
18,18,paddy,paddy
18,18,paddy,paddy
18,18,paddy,paddy
18,18,paddy,paddy
18,18,paddy,paddy
18,18,paddy,paddy
18,18,paddy,paddy
18,18,paddy,paddy
18,18,paddy,paddy
18,18,paddy,paddy
18,18,paddy,paddy
18,18,paddy,paddy
18,18,paddy,paddy
18,18,paddy,paddy
18,18,paddy,paddy
18,18,paddy,paddy
18,18,paddy,paddy
18,27,paddy,tobacco
18,18,paddy,paddy
18,18,paddy,paddy
18,18,paddy,paddy
18,4,paddy,cassava
18,5,paddy,coconut
18,18,paddy,paddy
18,18,paddy,paddy
18,18,paddy,paddy
18,18,paddy,paddy
18,18,paddy,paddy
18,18,paddy,paddy
18,18,paddy,paddy
18,18,paddy,paddy
18,18,paddy,paddy
18,18,paddy,paddy
18,18,paddy,paddy
18,18,paddy,paddy
18,18,paddy,paddy
18,18,paddy,paddy
18,21,paddy,pineapple
18,18,paddy,paddy
18,18,paddy,paddy
18,18,paddy,paddy
18,18,paddy,paddy
18,18,paddy,paddy
18,18,paddy,paddy
18,18,paddy,paddy
18,18,paddy,paddy
18,18,paddy,paddy
18,18,paddy,paddy
18,18,paddy,paddy
18,18,paddy,paddy
18,18,paddy,paddy
18,27,paddy,tobacco
18,21,paddy,pineapple
18,18,paddy,paddy
18,18,paddy,paddy
18,18,paddy,paddy
18,18,paddy,paddy
18,18,paddy,paddy
18,18,paddy,paddy
18,18,paddy,paddy
18,18,paddy,paddy
18,18,paddy,paddy
18,18,paddy,paddy
18,18,paddy,paddy
18,18,paddy,paddy
18,18,paddy,paddy
18,18,paddy,paddy
18,18,paddy,paddy
18,27,paddy,tobacco
18,18,paddy,paddy
18,18,paddy,paddy
18,0,paddy,aloevera
18,18,paddy,paddy
18,18,paddy,paddy
18,18,paddy,paddy
18,18,paddy,paddy
18,18,paddy,paddy
18,18,paddy,paddy
18,0,paddy,aloevera
18,18,paddy,paddy
18,18,paddy,paddy
18,18,paddy,paddy
18,18,paddy,paddy
18,18,paddy,paddy
18,18,paddy,paddy
18,18,paddy,paddy
18,18,paddy,paddy
18,18,paddy,paddy
18,25,paddy,spinach
18,18,paddy,paddy
18,18,paddy,paddy
18,27,paddy,tobacco
18,18,paddy,paddy
18,18,paddy,paddy
18,18,paddy,paddy
18,18,paddy,paddy
18,18,paddy,paddy
18,21,paddy,pineapple
18,18,paddy,paddy
18,15,paddy,mango
18,18,paddy,paddy
18,18,paddy,paddy
18,18,paddy,paddy
18,18,paddy,paddy
18,18,paddy,paddy
18,18,paddy,paddy
18,18,paddy,paddy
18,18,paddy,paddy
18,18,paddy,paddy
18,18,paddy,paddy
18,15,paddy,mango
18,18,paddy,paddy
18,17,paddy,orange
18,18,paddy,paddy
18,18,paddy,paddy
18,18,paddy,paddy
18,18,paddy,paddy
18,18,paddy,paddy
18,18,paddy,paddy
18,18,paddy,paddy
18,18,paddy,paddy
18,18,paddy,paddy
18,18,paddy,paddy
18,18,paddy,paddy
18,28,paddy,waterapple
18,18,paddy,paddy
18,18,paddy,paddy
18,15,paddy,mango
18,18,paddy,paddy
18,24,paddy,soybeans
18,18,paddy,paddy
18,27,paddy,tobacco
18,18,paddy,paddy
18,18,paddy,paddy
18,18,paddy,paddy
18,18,paddy,paddy
18,18,paddy,paddy
18,18,paddy,paddy
18,18,paddy,paddy
18,18,paddy,paddy
18,18,paddy,paddy
18,18,paddy,paddy
18,18,paddy,paddy
18,18,paddy,paddy
18,18,paddy,paddy
18,18,paddy,paddy
18,18,paddy,paddy
18,18,paddy,paddy
18,18,paddy,paddy
18,24,paddy,soybeans
18,18,paddy,paddy
18,18,paddy,paddy
18,24,paddy,soybeans
18,24,paddy,soybeans
18,24,paddy,soybeans
18,18,paddy,paddy
18,16,paddy,melon
18,16,paddy,melon
18,18,paddy,paddy
19,19,papaya,papaya
19,19,papaya,papaya
19,19,papaya,papaya
19,19,papaya,papaya
19,19,papaya,papaya
19,19,papaya,papaya
19,16,papaya,melon
19,19,papaya,papaya
19,19,papaya,papaya
19,19,papaya,papaya
19,19,papaya,papaya
19,19,papaya,papaya
19,19,papaya,papaya
19,19,papaya,papaya
19,19,papaya,papaya
19,19,papaya,papaya
19,19,papaya,papaya
19,19,papaya,papaya
19,19,papaya,papaya
19,15,papaya,mango
19,19,papaya,papaya
19,19,papaya,papaya
19,19,papaya,papaya
19,17,papaya,orange
19,19,papaya,papaya
19,19,papaya,papaya
19,19,papaya,papaya
19,19,papaya,papaya
19,19,papaya,papaya
19,19,papaya,papaya
19,19,papaya,papaya
19,19,papaya,papaya
19,19,papaya,papaya
19,19,papaya,papaya
19,17,papaya,orange
19,19,papaya,papaya
19,19,papaya,papaya
19,19,papaya,papaya
19,19,papaya,papaya
19,19,papaya,papaya
19,19,papaya,papaya
19,19,papaya,papaya
19,19,papaya,papaya
19,19,papaya,papaya
19,19,papaya,papaya
19,8,papaya,curcuma
19,19,papaya,papaya
19,19,papaya,papaya
19,19,papaya,papaya
19,19,papaya,papaya
19,19,papaya,papaya
19,19,papaya,papaya
19,19,papaya,papaya
19,19,papaya,papaya
19,19,papaya,papaya
19,19,papaya,papaya
19,14,papaya,longbeans
19,19,papaya,papaya
19,19,papaya,papaya
19,19,papaya,papaya
19,19,papaya,papaya
19,19,papaya,papaya
19,19,papaya,papaya
19,19,papaya,papaya
19,19,papaya,papaya
19,19,papaya,papaya
19,19,papaya,papaya
19,19,papaya,papaya
19,19,papaya,papaya
19,19,papaya,papaya
19,19,papaya,papaya
19,19,papaya,papaya
19,13,papaya,kale
19,19,papaya,papaya
19,19,papaya,papaya
19,19,papaya,papaya
19,18,papaya,paddy
19,19,papaya,papaya
19,19,papaya,papaya
19,19,papaya,papaya
19,19,papaya,papaya
19,19,papaya,papaya
19,19,papaya,papaya
19,19,papaya,papaya
19,19,papaya,papaya
19,19,papaya,papaya
19,19,papaya,papaya
19,19,papaya,papaya
19,19,papaya,papaya
19,19,papaya,papaya
19,21,papaya,pineapple
19,19,papaya,papaya
19,19,papaya,papaya
19,15,papaya,mango
19,19,papaya,papaya
19,19,papaya,papaya
19,19,papaya,papaya
19,19,papaya,papaya
19,19,papaya,papaya
19,19,papaya,papaya
19,15,papaya,mango
19,28,papaya,waterapple
19,19,papaya,papaya
19,19,papaya,papaya
19,19,papaya,papaya
19,19,papaya,papaya
19,19,papaya,papaya
19,19,papaya,papaya
19,19,papaya,papaya
19,3,papaya,cantaloupe
19,19,papaya,papaya
19,19,papaya,papaya
19,22,papaya,pomelo
19,19,papaya,papaya
19,19,papaya,papaya
19,19,papaya,papaya
19,19,papaya,papaya
19,19,papaya,papaya
19,19,papaya,papaya
19,19,papaya,papaya
19,19,papaya,papaya
19,19,papaya,papaya
19,19,papaya,papaya
19,19,papaya,papaya
19,6,papaya,corn
19,19,papaya,papaya
19,19,papaya,papaya
19,19,papaya,papaya
19,8,papaya,curcuma
19,15,papaya,mango
19,19,papaya,papaya
19,19,papaya,papaya
19,19,papaya,papaya
19,19,papaya,papaya
19,8,papaya,curcuma
19,19,papaya,papaya
19,17,papaya,orange
19,19,papaya,papaya
19,19,papaya,papaya
19,19,papaya,papaya
19,19,papaya,papaya
19,19,papaya,papaya
19,19,papaya,papaya
19,15,papaya,mango
19,19,papaya,papaya
19,19,papaya,papaya
19,22,papaya,pomelo
19,15,papaya,mango
19,19,papaya,papaya
19,19,papaya,papaya
19,15,papaya,mango
19,19,papaya,papaya
19,19,papaya,papaya
19,19,papaya,papaya
19,8,papaya,curcuma
19,19,papaya,papaya
19,19,papaya,papaya
19,6,papaya,corn
19,15,papaya,mango
19,19,papaya,papaya
19,19,papaya,papaya
19,19,papaya,papaya
19,19,papaya,papaya
19,19,papaya,papaya
19,19,papaya,papaya
19,19,papaya,papaya
19,8,papaya,curcuma
19,15,papaya,mango
19,19,papaya,papaya
19,19,papaya,papaya
19,19,papaya,papaya
19,19,papaya,papaya
19,19,papaya,papaya
19,19,papaya,papaya
19,19,papaya,papaya
19,19,papaya,papaya
19,19,papaya,papaya
19,19,papaya,papaya
19,19,papaya,papaya
19,17,papaya,orange
19,19,papaya,papaya
19,3,papaya,cantaloupe
19,19,papaya,papaya
19,19,papaya,papaya
19,19,papaya,papaya
19,19,papaya,papaya
19,8,papaya,curcuma
19,19,papaya,papaya
19,19,papaya,papaya
19,18,papaya,paddy
19,19,papaya,papaya
19,19,papaya,papaya
19,19,papaya,papaya
19,19,papaya,papaya
19,19,papaya,papaya
19,19,papaya,papaya
19,19,papaya,papaya
19,19,papaya,papaya
19,15,papaya,mango
19,19,papaya,papaya
20,20,peperchili,peperchili
20,20,peperchili,peperchili
20,20,peperchili,peperchili
20,20,peperchili,peperchili
20,20,peperchili,peperchili
20,20,peperchili,peperchili
20,20,peperchili,peperchili
20,20,peperchili,peperchili
20,20,peperchili,peperchili
20,20,peperchili,peperchili
20,20,peperchili,peperchili
20,20,peperchili,peperchili
20,25,peperchili,spinach
20,20,peperchili,peperchili
20,20,peperchili,peperchili
20,20,peperchili,peperchili
20,20,peperchili,peperchili
20,20,peperchili,peperchili
20,20,peperchili,peperchili
20,13,peperchili,kale
20,20,peperchili,peperchili
20,20,peperchili,peperchili
20,20,peperchili,peperchili
20,20,peperchili,peperchili
20,20,peperchili,peperchili
20,20,peperchili,peperchili
20,20,peperchili,peperchili
20,20,peperchili,peperchili
20,20,peperchili,peperchili
20,20,peperchili,peperchili
20,20,peperchili,peperchili
20,20,peperchili,peperchili
20,20,peperchili,peperchili
20,20,peperchili,peperchili
20,14,peperchili,longbeans
20,20,peperchili,peperchili
20,20,peperchili,peperchili
20,20,peperchili,peperchili
20,20,peperchili,peperchili
20,20,peperchili,peperchili
20,20,peperchili,peperchili
20,20,peperchili,peperchili
20,20,peperchili,peperchili
20,20,peperchili,peperchili
20,9,peperchili,eggplant
20,29,peperchili,watermelon
20,20,peperchili,peperchili
20,20,peperchili,peperchili
20,20,peperchili,peperchili
20,20,peperchili,peperchili
20,20,peperchili,peperchili
20,20,peperchili,peperchili
20,20,peperchili,peperchili
20,13,peperchili,kale
20,20,peperchili,peperchili
20,28,peperchili,waterapple
20,20,peperchili,peperchili
20,20,peperchili,peperchili
20,20,peperchili,peperchili
20,20,peperchili,peperchili
20,20,peperchili,peperchili
20,14,peperchili,longbeans
20,20,peperchili,peperchili
20,20,peperchili,peperchili
20,20,peperchili,peperchili
20,14,peperchili,longbeans
20,20,peperchili,peperchili
20,6,peperchili,corn
20,20,peperchili,peperchili
20,20,peperchili,peperchili
20,20,peperchili,peperchili
20,20,peperchili,peperchili
20,20,peperchili,peperchili
20,28,peperchili,waterapple
20,20,peperchili,peperchili
20,20,peperchili,peperchili
20,20,peperchili,peperchili
20,6,peperchili,corn
20,20,peperchili,peperchili
20,20,peperchili,peperchili
20,29,peperchili,watermelon
20,20,peperchili,peperchili
20,28,peperchili,waterapple
20,20,peperchili,peperchili
20,20,peperchili,peperchili
20,20,peperchili,peperchili
20,20,peperchili,peperchili
20,20,peperchili,peperchili
20,28,peperchili,waterapple
20,20,peperchili,peperchili
20,13,peperchili,kale
20,20,peperchili,peperchili
20,20,peperchili,peperchili
20,20,peperchili,peperchili
20,20,peperchili,peperchili
20,20,peperchili,peperchili
20,20,peperchili,peperchili
20,20,peperchili,peperchili
20,20,peperchili,peperchili
20,20,peperchili,peperchili
20,20,peperchili,peperchili
20,24,peperchili,soybeans
20,20,peperchili,peperchili
20,20,peperchili,peperchili
20,20,peperchili,peperchili
20,29,peperchili,watermelon
20,20,peperchili,peperchili
20,20,peperchili,peperchili
20,20,peperchili,peperchili
20,20,peperchili,peperchili
20,20,peperchili,peperchili
20,28,peperchili,waterapple
20,20,peperchili,peperchili
20,20,peperchili,peperchili
20,20,peperchili,peperchili
20,20,peperchili,peperchili
20,20,peperchili,peperchili
20,20,peperchili,peperchili
20,28,peperchili,waterapple
20,20,peperchili,peperchili
20,20,peperchili,peperchili
20,20,peperchili,peperchili
20,20,peperchili,peperchili
20,20,peperchili,peperchili
20,20,peperchili,peperchili
20,20,peperchili,peperchili
20,20,peperchili,peperchili
20,28,peperchili,waterapple
20,20,peperchili,peperchili
20,20,peperchili,peperchili
20,20,peperchili,peperchili
20,20,peperchili,peperchili
20,20,peperchili,peperchili
20,20,peperchili,peperchili
20,27,peperchili,tobacco
20,20,peperchili,peperchili
20,20,peperchili,peperchili
20,20,peperchili,peperchili
20,20,peperchili,peperchili
20,20,peperchili,peperchili
20,20,peperchili,peperchili
20,20,peperchili,peperchili
20,23,peperchili,shallot
20,20,peperchili,peperchili
20,20,peperchili,peperchili
20,19,peperchili,papaya
20,20,peperchili,peperchili
20,20,peperchili,peperchili
20,20,peperchili,peperchili
20,20,peperchili,peperchili
20,20,peperchili,peperchili
20,20,peperchili,peperchili
20,20,peperchili,peperchili
20,20,peperchili,peperchili
20,20,peperchili,peperchili
20,20,peperchili,peperchili
20,20,peperchili,peperchili
20,20,peperchili,peperchili
20,20,peperchili,peperchili
20,20,peperchili,peperchili
20,28,peperchili,waterapple
20,28,peperchili,waterapple
20,20,peperchili,peperchili
20,20,peperchili,peperchili
20,20,peperchili,peperchili
20,20,peperchili,peperchili
20,28,peperchili,waterapple
20,28,peperchili,waterapple
20,20,peperchili,peperchili
20,20,peperchili,peperchili
20,20,peperchili,peperchili
20,20,peperchili,peperchili
20,20,peperchili,peperchili
20,20,peperchili,peperchili
20,20,peperchili,peperchili
20,20,peperchili,peperchili
20,5,peperchili,coconut
20,20,peperchili,peperchili
20,20,peperchili,peperchili
20,28,peperchili,waterapple
20,20,peperchili,peperchili
20,20,peperchili,peperchili
20,20,peperchili,peperchili
20,20,peperchili,peperchili
20,20,peperchili,peperchili
20,20,peperchili,peperchili
20,20,peperchili,peperchili
20,20,peperchili,peperchili
20,28,peperchili,waterapple
20,20,peperchili,peperchili
20,20,peperchili,peperchili
20,20,peperchili,peperchili
20,20,peperchili,peperchili
20,20,peperchili,peperchili
20,20,peperchili,peperchili
20,20,peperchili,peperchili
20,20,peperchili,peperchili
20,20,peperchili,peperchili
20,28,peperchili,waterapple
20,20,peperchili,peperchili
21,21,pineapple,pineapple
21,21,pineapple,pineapple
21,18,pineapple,paddy
21,18,pineapple,paddy
21,6,pineapple,corn
21,21,pineapple,pineapple
21,1,pineapple,banana
21,27,pineapple,tobacco
21,7,pineapple,cucumber
21,21,pineapple,pineapple
21,2,pineapple,bilimbi
21,21,pineapple,pineapple
21,21,pineapple,pineapple
21,21,pineapple,pineapple
21,21,pineapple,pineapple
21,21,pineapple,pineapple
21,21,pineapple,pineapple
21,21,pineapple,pineapple
21,21,pineapple,pineapple
21,21,pineapple,pineapple
21,1,pineapple,banana
21,21,pineapple,pineapple
21,21,pineapple,pineapple
21,21,pineapple,pineapple
21,1,pineapple,banana
21,2,pineapple,bilimbi
21,21,pineapple,pineapple
21,21,pineapple,pineapple
21,1,pineapple,banana
21,21,pineapple,pineapple
21,9,pineapple,eggplant
21,28,pineapple,waterapple
21,1,pineapple,banana
21,9,pineapple,eggplant
21,21,pineapple,pineapple
21,24,pineapple,soybeans
21,21,pineapple,pineapple
21,1,pineapple,banana
21,21,pineapple,pineapple
21,10,pineapple,galangal
21,21,pineapple,pineapple
21,21,pineapple,pineapple
21,21,pineapple,pineapple
21,10,pineapple,galangal
21,28,pineapple,waterapple
21,21,pineapple,pineapple
21,13,pineapple,kale
21,21,pineapple,pineapple
21,18,pineapple,paddy
21,16,pineapple,melon
21,21,pineapple,pineapple
21,21,pineapple,pineapple
21,21,pineapple,pineapple
21,21,pineapple,pineapple
21,21,pineapple,pineapple
21,21,pineapple,pineapple
21,21,pineapple,pineapple
21,14,pineapple,longbeans
21,21,pineapple,pineapple
21,1,pineapple,banana
21,21,pineapple,pineapple
21,15,pineapple,mango
21,21,pineapple,pineapple
21,21,pineapple,pineapple
21,21,pineapple,pineapple
21,21,pineapple,pineapple
21,21,pineapple,pineapple
21,14,pineapple,longbeans
21,21,pineapple,pineapple
21,1,pineapple,banana
21,18,pineapple,paddy
21,24,pineapple,soybeans
21,21,pineapple,pineapple
21,21,pineapple,pineapple
21,21,pineapple,pineapple
21,0,pineapple,aloevera
21,21,pineapple,pineapple
21,6,pineapple,corn
21,22,pineapple,pomelo
21,15,pineapple,mango
21,21,pineapple,pineapple
21,18,pineapple,paddy
21,21,pineapple,pineapple
21,27,pineapple,tobacco
21,21,pineapple,pineapple
21,21,pineapple,pineapple
21,21,pineapple,pineapple
21,21,pineapple,pineapple
21,21,pineapple,pineapple
21,17,pineapple,orange
21,21,pineapple,pineapple
21,21,pineapple,pineapple
21,18,pineapple,paddy
21,21,pineapple,pineapple
21,21,pineapple,pineapple
21,6,pineapple,corn
21,18,pineapple,paddy
21,21,pineapple,pineapple
21,21,pineapple,pineapple
21,1,pineapple,banana
21,19,pineapple,papaya
21,15,pineapple,mango
21,21,pineapple,pineapple
21,19,pineapple,papaya
21,21,pineapple,pineapple
21,21,pineapple,pineapple
21,21,pineapple,pineapple
21,21,pineapple,pineapple
21,21,pineapple,pineapple
21,6,pineapple,corn
21,21,pineapple,pineapple
21,15,pineapple,mango
21,21,pineapple,pineapple
21,19,pineapple,papaya
21,21,pineapple,pineapple
21,18,pineapple,paddy
21,21,pineapple,pineapple
21,21,pineapple,pineapple
21,21,pineapple,pineapple
21,15,pineapple,mango
21,21,pineapple,pineapple
21,28,pineapple,waterapple
21,1,pineapple,banana
21,21,pineapple,pineapple
21,27,pineapple,tobacco
21,21,pineapple,pineapple
21,21,pineapple,pineapple
21,23,pineapple,shallot
21,21,pineapple,pineapple
21,10,pineapple,galangal
21,21,pineapple,pineapple
21,28,pineapple,waterapple
21,21,pineapple,pineapple
21,1,pineapple,banana
21,1,pineapple,banana
21,14,pineapple,longbeans
21,21,pineapple,pineapple
21,21,pineapple,pineapple
21,21,pineapple,pineapple
21,21,pineapple,pineapple
21,21,pineapple,pineapple
21,21,pineapple,pineapple
21,6,pineapple,corn
21,21,pineapple,pineapple
21,21,pineapple,pineapple
21,21,pineapple,pineapple
21,21,pineapple,pineapple
21,21,pineapple,pineapple
21,6,pineapple,corn
21,18,pineapple,paddy
21,28,pineapple,waterapple
21,21,pineapple,pineapple
21,21,pineapple,pineapple
21,1,pineapple,banana
21,1,pineapple,banana
21,9,pineapple,eggplant
21,21,pineapple,pineapple
21,17,pineapple,orange
21,21,pineapple,pineapple
21,21,pineapple,pineapple
21,15,pineapple,mango
21,6,pineapple,corn
21,21,pineapple,pineapple
21,21,pineapple,pineapple
21,21,pineapple,pineapple
21,21,pineapple,pineapple
21,18,pineapple,paddy
21,6,pineapple,corn
21,28,pineapple,waterapple
21,21,pineapple,pineapple
21,12,pineapple,guava
21,21,pineapple,pineapple
21,21,pineapple,pineapple
21,9,pineapple,eggplant
21,27,pineapple,tobacco
21,21,pineapple,pineapple
21,21,pineapple,pineapple
21,21,pineapple,pineapple
21,13,pineapple,kale
21,5,pineapple,coconut
21,5,pineapple,coconut
21,15,pineapple,mango
21,21,pineapple,pineapple
21,21,pineapple,pineapple
21,0,pineapple,aloevera
21,21,pineapple,pineapple
21,21,pineapple,pineapple
21,21,pineapple,pineapple
21,6,pineapple,corn
21,6,pineapple,corn
21,21,pineapple,pineapple
21,21,pineapple,pineapple
21,21,pineapple,pineapple
21,21,pineapple,pineapple
21,21,pineapple,pineapple
21,21,pineapple,pineapple
21,21,pineapple,pineapple
21,21,pineapple,pineapple
21,21,pineapple,pineapple
21,21,pineapple,pineapple
22,22,pomelo,pomelo
22,18,pomelo,paddy
22,22,pomelo,pomelo
22,22,pomelo,pomelo
22,2,pomelo,bilimbi
22,28,pomelo,waterapple
22,22,pomelo,pomelo
22,22,pomelo,pomelo
22,22,pomelo,pomelo
22,22,pomelo,pomelo
22,22,pomelo,pomelo
22,29,pomelo,watermelon
22,22,pomelo,pomelo
22,22,pomelo,pomelo
22,22,pomelo,pomelo
22,22,pomelo,pomelo
22,22,pomelo,pomelo
22,23,pomelo,shallot
22,12,pomelo,guava
22,22,pomelo,pomelo
22,22,pomelo,pomelo
22,22,pomelo,pomelo
22,29,pomelo,watermelon
22,29,pomelo,watermelon
22,22,pomelo,pomelo
22,22,pomelo,pomelo
22,5,pomelo,coconut
22,6,pomelo,corn
22,22,pomelo,pomelo
22,6,pomelo,corn
22,17,pomelo,orange
22,22,pomelo,pomelo
22,15,pomelo,mango
22,15,pomelo,mango
22,22,pomelo,pomelo
22,22,pomelo,pomelo
22,2,pomelo,bilimbi
22,22,pomelo,pomelo
22,15,pomelo,mango
22,22,pomelo,pomelo
22,5,pomelo,coconut
22,14,pomelo,longbeans
22,22,pomelo,pomelo
22,22,pomelo,pomelo
22,22,pomelo,pomelo
22,12,pomelo,guava
22,22,pomelo,pomelo
22,2,pomelo,bilimbi
22,22,pomelo,pomelo
22,5,pomelo,coconut
22,22,pomelo,pomelo
22,5,pomelo,coconut
22,2,pomelo,bilimbi
22,22,pomelo,pomelo
22,22,pomelo,pomelo
22,22,pomelo,pomelo
22,12,pomelo,guava
22,22,pomelo,pomelo
22,12,pomelo,guava
22,2,pomelo,bilimbi
22,22,pomelo,pomelo
22,2,pomelo,bilimbi
22,22,pomelo,pomelo
22,22,pomelo,pomelo
22,22,pomelo,pomelo
22,5,pomelo,coconut
22,17,pomelo,orange
22,22,pomelo,pomelo
22,22,pomelo,pomelo
22,22,pomelo,pomelo
22,22,pomelo,pomelo
22,17,pomelo,orange
22,5,pomelo,coconut
22,22,pomelo,pomelo
22,6,pomelo,corn
22,22,pomelo,pomelo
22,22,pomelo,pomelo
22,22,pomelo,pomelo
22,16,pomelo,melon
22,22,pomelo,pomelo
22,2,pomelo,bilimbi
22,22,pomelo,pomelo
22,22,pomelo,pomelo
22,22,pomelo,pomelo
22,22,pomelo,pomelo
22,18,pomelo,paddy
22,22,pomelo,pomelo
22,17,pomelo,orange
22,17,pomelo,orange
22,2,pomelo,bilimbi
22,10,pomelo,galangal
22,22,pomelo,pomelo
22,0,pomelo,aloevera
22,18,pomelo,paddy
22,22,pomelo,pomelo
22,22,pomelo,pomelo
22,22,pomelo,pomelo
22,5,pomelo,coconut
22,29,pomelo,watermelon
22,15,pomelo,mango
22,22,pomelo,pomelo
22,17,pomelo,orange
22,2,pomelo,bilimbi
22,22,pomelo,pomelo
22,12,pomelo,guava
22,0,pomelo,aloevera
22,22,pomelo,pomelo
22,2,pomelo,bilimbi
22,22,pomelo,pomelo
22,5,pomelo,coconut
22,22,pomelo,pomelo
22,17,pomelo,orange
22,12,pomelo,guava
22,22,pomelo,pomelo
22,22,pomelo,pomelo
22,1,pomelo,banana
22,22,pomelo,pomelo
22,5,pomelo,coconut
22,22,pomelo,pomelo
22,5,pomelo,coconut
22,1,pomelo,banana
22,15,pomelo,mango
22,22,pomelo,pomelo
22,22,pomelo,pomelo
22,22,pomelo,pomelo
22,22,pomelo,pomelo
22,22,pomelo,pomelo
22,22,pomelo,pomelo
22,7,pomelo,cucumber
22,22,pomelo,pomelo
22,12,pomelo,guava
22,22,pomelo,pomelo
22,22,pomelo,pomelo
22,22,pomelo,pomelo
22,1,pomelo,banana
22,22,pomelo,pomelo
22,22,pomelo,pomelo
22,22,pomelo,pomelo
22,22,pomelo,pomelo
22,22,pomelo,pomelo
22,17,pomelo,orange
22,22,pomelo,pomelo
22,16,pomelo,melon
22,12,pomelo,guava
22,22,pomelo,pomelo
22,22,pomelo,pomelo
22,22,pomelo,pomelo
22,22,pomelo,pomelo
22,22,pomelo,pomelo
22,22,pomelo,pomelo
22,22,pomelo,pomelo
22,22,pomelo,pomelo
22,0,pomelo,aloevera
22,21,pomelo,pineapple
22,22,pomelo,pomelo
22,22,pomelo,pomelo
22,22,pomelo,pomelo
22,22,pomelo,pomelo
22,22,pomelo,pomelo
22,22,pomelo,pomelo
22,22,pomelo,pomelo
22,22,pomelo,pomelo
22,22,pomelo,pomelo
22,22,pomelo,pomelo
22,17,pomelo,orange
22,16,pomelo,melon
22,22,pomelo,pomelo
22,28,pomelo,waterapple
22,22,pomelo,pomelo
22,12,pomelo,guava
22,22,pomelo,pomelo
22,22,pomelo,pomelo
22,22,pomelo,pomelo
22,22,pomelo,pomelo
22,22,pomelo,pomelo
22,22,pomelo,pomelo
22,2,pomelo,bilimbi
22,22,pomelo,pomelo
22,22,pomelo,pomelo
22,12,pomelo,guava
22,22,pomelo,pomelo
22,22,pomelo,pomelo
22,11,pomelo,ginger
22,22,pomelo,pomelo
22,22,pomelo,pomelo
22,16,pomelo,melon
22,22,pomelo,pomelo
22,22,pomelo,pomelo
22,22,pomelo,pomelo
22,15,pomelo,mango
22,22,pomelo,pomelo
22,11,pomelo,ginger
22,22,pomelo,pomelo
22,22,pomelo,pomelo
22,22,pomelo,pomelo
22,22,pomelo,pomelo
22,22,pomelo,pomelo
22,22,pomelo,pomelo
22,22,pomelo,pomelo
22,22,pomelo,pomelo
23,23,shallot,shallot
23,9,shallot,eggplant
23,23,shallot,shallot
23,26,shallot,sweetpotatoes
23,23,shallot,shallot
23,23,shallot,shallot
23,23,shallot,shallot
23,23,shallot,shallot
23,23,shallot,shallot
23,23,shallot,shallot
23,23,shallot,shallot
23,23,shallot,shallot
23,23,shallot,shallot
23,23,shallot,shallot
23,26,shallot,sweetpotatoes
23,23,shallot,shallot
23,10,shallot,galangal
23,23,shallot,shallot
23,23,shallot,shallot
23,23,shallot,shallot
23,8,shallot,curcuma
23,23,shallot,shallot
23,23,shallot,shallot
23,10,shallot,galangal
23,26,shallot,sweetpotatoes
23,23,shallot,shallot
23,23,shallot,shallot
23,23,shallot,shallot
23,23,shallot,shallot
23,10,shallot,galangal
23,9,shallot,eggplant
23,23,shallot,shallot
23,23,shallot,shallot
23,23,shallot,shallot
23,23,shallot,shallot
23,23,shallot,shallot
23,8,shallot,curcuma
23,26,shallot,sweetpotatoes
23,23,shallot,shallot
23,23,shallot,shallot
23,23,shallot,shallot
23,23,shallot,shallot
23,23,shallot,shallot
23,26,shallot,sweetpotatoes
23,23,shallot,shallot
23,23,shallot,shallot
23,23,shallot,shallot
23,23,shallot,shallot
23,23,shallot,shallot
23,23,shallot,shallot
23,23,shallot,shallot
23,23,shallot,shallot
23,23,shallot,shallot
23,23,shallot,shallot
23,23,shallot,shallot
23,10,shallot,galangal
23,23,shallot,shallot
23,26,shallot,sweetpotatoes
23,26,shallot,sweetpotatoes
23,23,shallot,shallot
23,23,shallot,shallot
23,23,shallot,shallot
23,23,shallot,shallot
23,23,shallot,shallot
23,23,shallot,shallot
23,23,shallot,shallot
23,23,shallot,shallot
23,23,shallot,shallot
23,23,shallot,shallot
23,23,shallot,shallot
23,23,shallot,shallot
23,23,shallot,shallot
23,23,shallot,shallot
23,23,shallot,shallot
23,23,shallot,shallot
23,10,shallot,galangal
23,23,shallot,shallot
23,23,shallot,shallot
23,11,shallot,ginger
23,23,shallot,shallot
23,23,shallot,shallot
23,23,shallot,shallot
23,23,shallot,shallot
23,23,shallot,shallot
23,23,shallot,shallot
23,23,shallot,shallot
23,23,shallot,shallot
23,23,shallot,shallot
23,23,shallot,shallot
23,23,shallot,shallot
23,23,shallot,shallot
23,23,shallot,shallot
23,23,shallot,shallot
23,29,shallot,watermelon
23,23,shallot,shallot
23,23,shallot,shallot
23,23,shallot,shallot
23,23,shallot,shallot
23,23,shallot,shallot
23,23,shallot,shallot
23,23,shallot,shallot
23,23,shallot,shallot
23,23,shallot,shallot
23,23,shallot,shallot
23,23,shallot,shallot
23,23,shallot,shallot
23,23,shallot,shallot
23,26,shallot,sweetpotatoes
23,23,shallot,shallot
23,23,shallot,shallot
23,26,shallot,sweetpotatoes
23,23,shallot,shallot
23,19,shallot,papaya
23,23,shallot,shallot
23,26,shallot,sweetpotatoes
23,23,shallot,shallot
23,26,shallot,sweetpotatoes
23,26,shallot,sweetpotatoes
23,23,shallot,shallot
23,23,shallot,shallot
23,23,shallot,shallot
23,23,shallot,shallot
23,23,shallot,shallot
23,23,shallot,shallot
23,23,shallot,shallot
23,23,shallot,shallot
23,23,shallot,shallot
23,23,shallot,shallot
23,23,shallot,shallot
23,26,shallot,sweetpotatoes
23,10,shallot,galangal
23,23,shallot,shallot
23,23,shallot,shallot
23,23,shallot,shallot
23,24,shallot,soybeans
23,23,shallot,shallot
23,23,shallot,shallot
23,23,shallot,shallot
23,23,shallot,shallot
23,23,shallot,shallot
23,26,shallot,sweetpotatoes
23,23,shallot,shallot
23,23,shallot,shallot
23,23,shallot,shallot
23,26,shallot,sweetpotatoes
23,23,shallot,shallot
23,10,shallot,galangal
23,23,shallot,shallot
23,23,shallot,shallot
23,23,shallot,shallot
23,23,shallot,shallot
23,23,shallot,shallot
23,26,shallot,sweetpotatoes
23,24,shallot,soybeans
23,4,shallot,cassava
23,8,shallot,curcuma
23,23,shallot,shallot
23,23,shallot,shallot
23,23,shallot,shallot
23,23,shallot,shallot
23,23,shallot,shallot
23,23,shallot,shallot
23,23,shallot,shallot
23,23,shallot,shallot
23,26,shallot,sweetpotatoes
23,23,shallot,shallot
23,26,shallot,sweetpotatoes
23,23,shallot,shallot
23,4,shallot,cassava
23,10,shallot,galangal
23,23,shallot,shallot
23,23,shallot,shallot
23,23,shallot,shallot
23,20,shallot,peperchili
23,26,shallot,sweetpotatoes
23,23,shallot,shallot
23,28,shallot,waterapple
23,23,shallot,shallot
23,4,shallot,cassava
23,23,shallot,shallot
23,23,shallot,shallot
23,23,shallot,shallot
23,23,shallot,shallot
23,23,shallot,shallot
23,23,shallot,shallot
23,23,shallot,shallot
23,26,shallot,sweetpotatoes
23,23,shallot,shallot
23,23,shallot,shallot
23,23,shallot,shallot
23,23,shallot,shallot
23,23,shallot,shallot
23,23,shallot,shallot
23,10,shallot,galangal
23,23,shallot,shallot
23,23,shallot,shallot
23,10,shallot,galangal
23,23,shallot,shallot
23,23,shallot,shallot
23,26,shallot,sweetpotatoes
24,14,soybeans,longbeans
24,27,soybeans,tobacco
24,24,soybeans,soybeans
24,24,soybeans,soybeans
24,9,soybeans,eggplant
24,24,soybeans,soybeans
24,14,soybeans,longbeans
24,14,soybeans,longbeans
24,11,soybeans,ginger
24,24,soybeans,soybeans
24,24,soybeans,soybeans
24,13,soybeans,kale
24,18,soybeans,paddy
24,24,soybeans,soybeans
24,24,soybeans,soybeans
24,18,soybeans,paddy
24,27,soybeans,tobacco
24,6,soybeans,corn
24,14,soybeans,longbeans
24,12,soybeans,guava
24,14,soybeans,longbeans
24,2,soybeans,bilimbi
24,24,soybeans,soybeans
24,27,soybeans,tobacco
24,24,soybeans,soybeans
24,14,soybeans,longbeans
24,25,soybeans,spinach
24,14,soybeans,longbeans
24,14,soybeans,longbeans
24,13,soybeans,kale
24,24,soybeans,soybeans
24,14,soybeans,longbeans
24,24,soybeans,soybeans
24,24,soybeans,soybeans
24,24,soybeans,soybeans
24,5,soybeans,coconut
24,5,soybeans,coconut
24,17,soybeans,orange
24,24,soybeans,soybeans
24,24,soybeans,soybeans
24,14,soybeans,longbeans
24,6,soybeans,corn
24,22,soybeans,pomelo
24,18,soybeans,paddy
24,24,soybeans,soybeans
24,24,soybeans,soybeans
24,24,soybeans,soybeans
24,14,soybeans,longbeans
24,18,soybeans,paddy
24,20,soybeans,peperchili
24,5,soybeans,coconut
24,23,soybeans,shallot
24,11,soybeans,ginger
24,24,soybeans,soybeans
24,24,soybeans,soybeans
24,14,soybeans,longbeans
24,24,soybeans,soybeans
24,24,soybeans,soybeans
24,7,soybeans,cucumber
24,14,soybeans,longbeans
24,24,soybeans,soybeans
24,24,soybeans,soybeans
24,24,soybeans,soybeans
24,20,soybeans,peperchili
24,24,soybeans,soybeans
24,24,soybeans,soybeans
24,14,soybeans,longbeans
24,24,soybeans,soybeans
24,25,soybeans,spinach
24,24,soybeans,soybeans
24,24,soybeans,soybeans
24,24,soybeans,soybeans
24,10,soybeans,galangal
24,24,soybeans,soybeans
24,24,soybeans,soybeans
24,24,soybeans,soybeans
24,24,soybeans,soybeans
24,24,soybeans,soybeans
24,27,soybeans,tobacco
24,24,soybeans,soybeans
24,24,soybeans,soybeans
24,24,soybeans,soybeans
24,24,soybeans,soybeans
24,24,soybeans,soybeans
24,27,soybeans,tobacco
24,24,soybeans,soybeans
24,24,soybeans,soybeans
24,24,soybeans,soybeans
24,24,soybeans,soybeans
24,4,soybeans,cassava
24,24,soybeans,soybeans
24,24,soybeans,soybeans
24,18,soybeans,paddy
24,24,soybeans,soybeans
24,24,soybeans,soybeans
24,24,soybeans,soybeans
24,24,soybeans,soybeans
24,24,soybeans,soybeans
24,10,soybeans,galangal
24,24,soybeans,soybeans
24,11,soybeans,ginger
24,23,soybeans,shallot
24,24,soybeans,soybeans
24,8,soybeans,curcuma
24,13,soybeans,kale
24,24,soybeans,soybeans
24,9,soybeans,eggplant
24,24,soybeans,soybeans
24,11,soybeans,ginger
24,24,soybeans,soybeans
24,24,soybeans,soybeans
24,24,soybeans,soybeans
24,24,soybeans,soybeans
24,24,soybeans,soybeans
24,24,soybeans,soybeans
24,24,soybeans,soybeans
24,18,soybeans,paddy
24,24,soybeans,soybeans
24,24,soybeans,soybeans
24,24,soybeans,soybeans
24,24,soybeans,soybeans
24,24,soybeans,soybeans
24,24,soybeans,soybeans
24,24,soybeans,soybeans
24,10,soybeans,galangal
24,24,soybeans,soybeans
24,24,soybeans,soybeans
24,24,soybeans,soybeans
24,24,soybeans,soybeans
24,24,soybeans,soybeans
24,24,soybeans,soybeans
24,24,soybeans,soybeans
24,24,soybeans,soybeans
24,11,soybeans,ginger
24,18,soybeans,paddy
24,24,soybeans,soybeans
24,24,soybeans,soybeans
24,24,soybeans,soybeans
24,24,soybeans,soybeans
24,24,soybeans,soybeans
24,24,soybeans,soybeans
24,24,soybeans,soybeans
24,18,soybeans,paddy
24,24,soybeans,soybeans
24,24,soybeans,soybeans
24,22,soybeans,pomelo
24,10,soybeans,galangal
24,24,soybeans,soybeans
24,24,soybeans,soybeans
24,24,soybeans,soybeans
24,8,soybeans,curcuma
24,10,soybeans,galangal
24,24,soybeans,soybeans
24,24,soybeans,soybeans
24,24,soybeans,soybeans
24,24,soybeans,soybeans
24,18,soybeans,paddy
24,24,soybeans,soybeans
24,24,soybeans,soybeans
24,24,soybeans,soybeans
24,24,soybeans,soybeans
24,24,soybeans,soybeans
24,24,soybeans,soybeans
24,24,soybeans,soybeans
24,24,soybeans,soybeans
24,24,soybeans,soybeans
24,24,soybeans,soybeans
24,27,soybeans,tobacco
24,18,soybeans,paddy
24,11,soybeans,ginger
24,24,soybeans,soybeans
24,24,soybeans,soybeans
24,24,soybeans,soybeans
24,18,soybeans,paddy
24,27,soybeans,tobacco
24,24,soybeans,soybeans
24,18,soybeans,paddy
24,10,soybeans,galangal
24,24,soybeans,soybeans
24,24,soybeans,soybeans
24,11,soybeans,ginger
24,24,soybeans,soybeans
24,11,soybeans,ginger
24,24,soybeans,soybeans
24,24,soybeans,soybeans
24,24,soybeans,soybeans
24,24,soybeans,soybeans
24,24,soybeans,soybeans
24,24,soybeans,soybeans
24,24,soybeans,soybeans
24,24,soybeans,soybeans
24,24,soybeans,soybeans
24,24,soybeans,soybeans
24,24,soybeans,soybeans
24,24,soybeans,soybeans
24,24,soybeans,soybeans
24,24,soybeans,soybeans
24,24,soybeans,soybeans
24,24,soybeans,soybeans
24,24,soybeans,soybeans
25,23,spinach,shallot
25,7,spinach,cucumber
25,14,spinach,longbeans
25,9,spinach,eggplant
25,25,spinach,spinach
25,26,spinach,sweetpotatoes
25,23,spinach,shallot
25,9,spinach,eggplant
25,9,spinach,eggplant
25,26,spinach,sweetpotatoes
25,25,spinach,spinach
25,23,spinach,shallot
25,5,spinach,coconut
25,26,spinach,sweetpotatoes
25,19,spinach,papaya
25,9,spinach,eggplant
25,9,spinach,eggplant
25,9,spinach,eggplant
25,8,spinach,curcuma
25,25,spinach,spinach
25,26,spinach,sweetpotatoes
25,25,spinach,spinach
25,26,spinach,sweetpotatoes
25,13,spinach,kale
25,25,spinach,spinach
25,13,spinach,kale
25,25,spinach,spinach
25,25,spinach,spinach
25,26,spinach,sweetpotatoes
25,25,spinach,spinach
25,14,spinach,longbeans
25,26,spinach,sweetpotatoes
25,26,spinach,sweetpotatoes
25,25,spinach,spinach
25,0,spinach,aloevera
25,25,spinach,spinach
25,9,spinach,eggplant
25,9,spinach,eggplant
25,14,spinach,longbeans
25,9,spinach,eggplant
25,25,spinach,spinach
25,20,spinach,peperchili
25,25,spinach,spinach
25,25,spinach,spinach
25,9,spinach,eggplant
25,14,spinach,longbeans
25,23,spinach,shallot
25,26,spinach,sweetpotatoes
25,25,spinach,spinach
25,25,spinach,spinach
25,25,spinach,spinach
25,26,spinach,sweetpotatoes
25,25,spinach,spinach
25,9,spinach,eggplant
25,13,spinach,kale
25,25,spinach,spinach
25,14,spinach,longbeans
25,25,spinach,spinach
25,23,spinach,shallot
25,9,spinach,eggplant
25,25,spinach,spinach
25,9,spinach,eggplant
25,27,spinach,tobacco
25,9,spinach,eggplant
25,25,spinach,spinach
25,25,spinach,spinach
25,27,spinach,tobacco
25,1,spinach,banana
25,25,spinach,spinach
25,25,spinach,spinach
25,19,spinach,papaya
25,9,spinach,eggplant
25,25,spinach,spinach
25,25,spinach,spinach
25,13,spinach,kale
25,23,spinach,shallot
25,9,spinach,eggplant
25,8,spinach,curcuma
25,13,spinach,kale
25,25,spinach,spinach
25,9,spinach,eggplant
25,0,spinach,aloevera
25,7,spinach,cucumber
25,9,spinach,eggplant
25,23,spinach,shallot
25,25,spinach,spinach
25,23,spinach,shallot
25,25,spinach,spinach
25,25,spinach,spinach
25,23,spinach,shallot
25,25,spinach,spinach
25,25,spinach,spinach
25,13,spinach,kale
25,25,spinach,spinach
25,9,spinach,eggplant
25,25,spinach,spinach
25,26,spinach,sweetpotatoes
25,9,spinach,eggplant
25,26,spinach,sweetpotatoes
25,0,spinach,aloevera
25,25,spinach,spinach
25,13,spinach,kale
25,27,spinach,tobacco
25,13,spinach,kale
25,20,spinach,peperchili
25,13,spinach,kale
25,23,spinach,shallot
25,9,spinach,eggplant
25,9,spinach,eggplant
25,25,spinach,spinach
25,25,spinach,spinach
25,9,spinach,eggplant
25,15,spinach,mango
25,14,spinach,longbeans
25,26,spinach,sweetpotatoes
25,25,spinach,spinach
25,5,spinach,coconut
25,26,spinach,sweetpotatoes
25,26,spinach,sweetpotatoes
25,7,spinach,cucumber
25,9,spinach,eggplant
25,23,spinach,shallot
25,13,spinach,kale
25,25,spinach,spinach
25,26,spinach,sweetpotatoes
25,26,spinach,sweetpotatoes
25,27,spinach,tobacco
25,25,spinach,spinach
25,29,spinach,watermelon
25,9,spinach,eggplant
25,26,spinach,sweetpotatoes
25,25,spinach,spinach
25,9,spinach,eggplant
25,9,spinach,eggplant
25,14,spinach,longbeans
25,8,spinach,curcuma
25,8,spinach,curcuma
25,25,spinach,spinach
25,13,spinach,kale
25,25,spinach,spinach
25,13,spinach,kale
25,25,spinach,spinach
25,25,spinach,spinach
25,25,spinach,spinach
25,25,spinach,spinach
25,13,spinach,kale
25,25,spinach,spinach
25,25,spinach,spinach
25,25,spinach,spinach
25,25,spinach,spinach
25,25,spinach,spinach
25,13,spinach,kale
25,25,spinach,spinach
25,25,spinach,spinach
25,25,spinach,spinach
25,8,spinach,curcuma
25,25,spinach,spinach
25,25,spinach,spinach
25,25,spinach,spinach
25,13,spinach,kale
25,25,spinach,spinach
25,25,spinach,spinach
25,25,spinach,spinach
25,13,spinach,kale
25,14,spinach,longbeans
25,25,spinach,spinach
25,25,spinach,spinach
25,13,spinach,kale
25,0,spinach,aloevera
25,8,spinach,curcuma
25,25,spinach,spinach
25,3,spinach,cantaloupe
25,7,spinach,cucumber
25,25,spinach,spinach
25,3,spinach,cantaloupe
25,25,spinach,spinach
25,12,spinach,guava
25,9,spinach,eggplant
25,25,spinach,spinach
25,25,spinach,spinach
25,13,spinach,kale
25,25,spinach,spinach
25,14,spinach,longbeans
25,25,spinach,spinach
25,25,spinach,spinach
25,25,spinach,spinach
25,25,spinach,spinach
25,25,spinach,spinach
25,13,spinach,kale
25,0,spinach,aloevera
25,13,spinach,kale
25,27,spinach,tobacco
25,25,spinach,spinach
25,25,spinach,spinach
25,25,spinach,spinach
25,25,spinach,spinach
25,7,spinach,cucumber
25,25,spinach,spinach
25,25,spinach,spinach
25,2,spinach,bilimbi
26,10,sweetpotatoes,galangal
26,8,sweetpotatoes,curcuma
26,26,sweetpotatoes,sweetpotatoes
26,23,sweetpotatoes,shallot
26,19,sweetpotatoes,papaya
26,23,sweetpotatoes,shallot
26,26,sweetpotatoes,sweetpotatoes
26,26,sweetpotatoes,sweetpotatoes
26,26,sweetpotatoes,sweetpotatoes
26,26,sweetpotatoes,sweetpotatoes
26,23,sweetpotatoes,shallot
26,26,sweetpotatoes,sweetpotatoes
26,4,sweetpotatoes,cassava
26,23,sweetpotatoes,shallot
26,26,sweetpotatoes,sweetpotatoes
26,26,sweetpotatoes,sweetpotatoes
26,26,sweetpotatoes,sweetpotatoes
26,26,sweetpotatoes,sweetpotatoes
26,26,sweetpotatoes,sweetpotatoes
26,23,sweetpotatoes,shallot
26,26,sweetpotatoes,sweetpotatoes
26,26,sweetpotatoes,sweetpotatoes
26,23,sweetpotatoes,shallot
26,29,sweetpotatoes,watermelon
26,22,sweetpotatoes,pomelo
26,10,sweetpotatoes,galangal
26,8,sweetpotatoes,curcuma
26,26,sweetpotatoes,sweetpotatoes
26,26,sweetpotatoes,sweetpotatoes
26,1,sweetpotatoes,banana
26,26,sweetpotatoes,sweetpotatoes
26,17,sweetpotatoes,orange
26,23,sweetpotatoes,shallot
26,19,sweetpotatoes,papaya
26,24,sweetpotatoes,soybeans
26,26,sweetpotatoes,sweetpotatoes
26,26,sweetpotatoes,sweetpotatoes
26,26,sweetpotatoes,sweetpotatoes
26,26,sweetpotatoes,sweetpotatoes
26,26,sweetpotatoes,sweetpotatoes
26,26,sweetpotatoes,sweetpotatoes
26,23,sweetpotatoes,shallot
26,8,sweetpotatoes,curcuma
26,26,sweetpotatoes,sweetpotatoes
26,26,sweetpotatoes,sweetpotatoes
26,11,sweetpotatoes,ginger
26,26,sweetpotatoes,sweetpotatoes
26,4,sweetpotatoes,cassava
26,1,sweetpotatoes,banana
26,8,sweetpotatoes,curcuma
26,23,sweetpotatoes,shallot
26,23,sweetpotatoes,shallot
26,26,sweetpotatoes,sweetpotatoes
26,26,sweetpotatoes,sweetpotatoes
26,26,sweetpotatoes,sweetpotatoes
26,26,sweetpotatoes,sweetpotatoes
26,26,sweetpotatoes,sweetpotatoes
26,4,sweetpotatoes,cassava
26,26,sweetpotatoes,sweetpotatoes
26,26,sweetpotatoes,sweetpotatoes
26,1,sweetpotatoes,banana
26,26,sweetpotatoes,sweetpotatoes
26,23,sweetpotatoes,shallot
26,26,sweetpotatoes,sweetpotatoes
26,26,sweetpotatoes,sweetpotatoes
26,26,sweetpotatoes,sweetpotatoes
26,26,sweetpotatoes,sweetpotatoes
26,10,sweetpotatoes,galangal
26,26,sweetpotatoes,sweetpotatoes
26,4,sweetpotatoes,cassava
26,4,sweetpotatoes,cassava
26,26,sweetpotatoes,sweetpotatoes
26,4,sweetpotatoes,cassava
26,26,sweetpotatoes,sweetpotatoes
26,23,sweetpotatoes,shallot
26,23,sweetpotatoes,shallot
26,26,sweetpotatoes,sweetpotatoes
26,26,sweetpotatoes,sweetpotatoes
26,26,sweetpotatoes,sweetpotatoes
26,26,sweetpotatoes,sweetpotatoes
26,21,sweetpotatoes,pineapple
26,26,sweetpotatoes,sweetpotatoes
26,23,sweetpotatoes,shallot
26,23,sweetpotatoes,shallot
26,26,sweetpotatoes,sweetpotatoes
26,26,sweetpotatoes,sweetpotatoes
26,26,sweetpotatoes,sweetpotatoes
26,26,sweetpotatoes,sweetpotatoes
26,23,sweetpotatoes,shallot
26,28,sweetpotatoes,waterapple
26,9,sweetpotatoes,eggplant
26,26,sweetpotatoes,sweetpotatoes
26,26,sweetpotatoes,sweetpotatoes
26,26,sweetpotatoes,sweetpotatoes
26,4,sweetpotatoes,cassava
26,26,sweetpotatoes,sweetpotatoes
26,26,sweetpotatoes,sweetpotatoes
26,4,sweetpotatoes,cassava
26,26,sweetpotatoes,sweetpotatoes
26,26,sweetpotatoes,sweetpotatoes
26,26,sweetpotatoes,sweetpotatoes
26,8,sweetpotatoes,curcuma
26,26,sweetpotatoes,sweetpotatoes
26,26,sweetpotatoes,sweetpotatoes
26,26,sweetpotatoes,sweetpotatoes
26,26,sweetpotatoes,sweetpotatoes
26,23,sweetpotatoes,shallot
26,26,sweetpotatoes,sweetpotatoes
26,26,sweetpotatoes,sweetpotatoes
26,26,sweetpotatoes,sweetpotatoes
26,26,sweetpotatoes,sweetpotatoes
26,26,sweetpotatoes,sweetpotatoes
26,26,sweetpotatoes,sweetpotatoes
26,19,sweetpotatoes,papaya
26,26,sweetpotatoes,sweetpotatoes
26,26,sweetpotatoes,sweetpotatoes
26,19,sweetpotatoes,papaya
26,10,sweetpotatoes,galangal
26,26,sweetpotatoes,sweetpotatoes
26,26,sweetpotatoes,sweetpotatoes
26,26,sweetpotatoes,sweetpotatoes
26,10,sweetpotatoes,galangal
26,26,sweetpotatoes,sweetpotatoes
26,9,sweetpotatoes,eggplant
26,26,sweetpotatoes,sweetpotatoes
26,26,sweetpotatoes,sweetpotatoes
26,26,sweetpotatoes,sweetpotatoes
26,4,sweetpotatoes,cassava
26,26,sweetpotatoes,sweetpotatoes
26,26,sweetpotatoes,sweetpotatoes
26,8,sweetpotatoes,curcuma
26,23,sweetpotatoes,shallot
26,26,sweetpotatoes,sweetpotatoes
26,26,sweetpotatoes,sweetpotatoes
26,26,sweetpotatoes,sweetpotatoes
26,4,sweetpotatoes,cassava
26,4,sweetpotatoes,cassava
26,26,sweetpotatoes,sweetpotatoes
26,8,sweetpotatoes,curcuma
26,21,sweetpotatoes,pineapple
26,26,sweetpotatoes,sweetpotatoes
26,11,sweetpotatoes,ginger
26,26,sweetpotatoes,sweetpotatoes
26,26,sweetpotatoes,sweetpotatoes
26,26,sweetpotatoes,sweetpotatoes
26,26,sweetpotatoes,sweetpotatoes
26,26,sweetpotatoes,sweetpotatoes
26,26,sweetpotatoes,sweetpotatoes
26,26,sweetpotatoes,sweetpotatoes
26,26,sweetpotatoes,sweetpotatoes
26,26,sweetpotatoes,sweetpotatoes
26,26,sweetpotatoes,sweetpotatoes
26,26,sweetpotatoes,sweetpotatoes
26,26,sweetpotatoes,sweetpotatoes
26,26,sweetpotatoes,sweetpotatoes
26,26,sweetpotatoes,sweetpotatoes
26,23,sweetpotatoes,shallot
26,28,sweetpotatoes,waterapple
26,26,sweetpotatoes,sweetpotatoes
26,23,sweetpotatoes,shallot
26,26,sweetpotatoes,sweetpotatoes
26,26,sweetpotatoes,sweetpotatoes
26,26,sweetpotatoes,sweetpotatoes
26,23,sweetpotatoes,shallot
26,0,sweetpotatoes,aloevera
26,6,sweetpotatoes,corn
26,26,sweetpotatoes,sweetpotatoes
26,26,sweetpotatoes,sweetpotatoes
26,24,sweetpotatoes,soybeans
26,11,sweetpotatoes,ginger
26,26,sweetpotatoes,sweetpotatoes
26,0,sweetpotatoes,aloevera
26,26,sweetpotatoes,sweetpotatoes
26,28,sweetpotatoes,waterapple
26,28,sweetpotatoes,waterapple
26,26,sweetpotatoes,sweetpotatoes
26,26,sweetpotatoes,sweetpotatoes
26,26,sweetpotatoes,sweetpotatoes
26,26,sweetpotatoes,sweetpotatoes
26,23,sweetpotatoes,shallot
26,23,sweetpotatoes,shallot
26,26,sweetpotatoes,sweetpotatoes
26,26,sweetpotatoes,sweetpotatoes
26,26,sweetpotatoes,sweetpotatoes
26,23,sweetpotatoes,shallot
26,26,sweetpotatoes,sweetpotatoes
26,26,sweetpotatoes,sweetpotatoes
26,23,sweetpotatoes,shallot
26,26,sweetpotatoes,sweetpotatoes
26,26,sweetpotatoes,sweetpotatoes
26,26,sweetpotatoes,sweetpotatoes
26,26,sweetpotatoes,sweetpotatoes
26,26,sweetpotatoes,sweetpotatoes
26,26,sweetpotatoes,sweetpotatoes
26,26,sweetpotatoes,sweetpotatoes
26,26,sweetpotatoes,sweetpotatoes
26,26,sweetpotatoes,sweetpotatoes
26,26,sweetpotatoes,sweetpotatoes
26,23,sweetpotatoes,shallot
26,26,sweetpotatoes,sweetpotatoes
27,10,tobacco,galangal
27,27,tobacco,tobacco
27,27,tobacco,tobacco
27,4,tobacco,cassava
27,27,tobacco,tobacco
27,27,tobacco,tobacco
27,10,tobacco,galangal
27,27,tobacco,tobacco
27,27,tobacco,tobacco
27,27,tobacco,tobacco
27,27,tobacco,tobacco
27,27,tobacco,tobacco
27,27,tobacco,tobacco
27,23,tobacco,shallot
27,5,tobacco,coconut
27,27,tobacco,tobacco
27,27,tobacco,tobacco
27,27,tobacco,tobacco
27,27,tobacco,tobacco
27,27,tobacco,tobacco
27,10,tobacco,galangal
27,27,tobacco,tobacco
27,27,tobacco,tobacco
27,18,tobacco,paddy
27,10,tobacco,galangal
27,27,tobacco,tobacco
27,27,tobacco,tobacco
27,27,tobacco,tobacco
27,27,tobacco,tobacco
27,27,tobacco,tobacco
27,27,tobacco,tobacco
27,27,tobacco,tobacco
27,27,tobacco,tobacco
27,27,tobacco,tobacco
27,27,tobacco,tobacco
27,27,tobacco,tobacco
27,11,tobacco,ginger
27,27,tobacco,tobacco
27,24,tobacco,soybeans
27,27,tobacco,tobacco
27,4,tobacco,cassava
27,27,tobacco,tobacco
27,27,tobacco,tobacco
27,27,tobacco,tobacco
27,27,tobacco,tobacco
27,27,tobacco,tobacco
27,27,tobacco,tobacco
27,27,tobacco,tobacco
27,27,tobacco,tobacco
27,11,tobacco,ginger
27,27,tobacco,tobacco
27,27,tobacco,tobacco
27,27,tobacco,tobacco
27,27,tobacco,tobacco
27,27,tobacco,tobacco
27,27,tobacco,tobacco
27,27,tobacco,tobacco
27,27,tobacco,tobacco
27,27,tobacco,tobacco
27,11,tobacco,ginger
27,27,tobacco,tobacco
27,27,tobacco,tobacco
27,27,tobacco,tobacco
27,27,tobacco,tobacco
27,11,tobacco,ginger
27,27,tobacco,tobacco
27,27,tobacco,tobacco
27,27,tobacco,tobacco
27,27,tobacco,tobacco
27,27,tobacco,tobacco
27,27,tobacco,tobacco
27,27,tobacco,tobacco
27,27,tobacco,tobacco
27,27,tobacco,tobacco
27,27,tobacco,tobacco
27,8,tobacco,curcuma
27,27,tobacco,tobacco
27,27,tobacco,tobacco
27,27,tobacco,tobacco
27,27,tobacco,tobacco
27,27,tobacco,tobacco
27,27,tobacco,tobacco
27,27,tobacco,tobacco
27,27,tobacco,tobacco
27,27,tobacco,tobacco
27,27,tobacco,tobacco
27,26,tobacco,sweetpotatoes
27,27,tobacco,tobacco
27,27,tobacco,tobacco
27,27,tobacco,tobacco
27,27,tobacco,tobacco
27,4,tobacco,cassava
27,27,tobacco,tobacco
27,27,tobacco,tobacco
27,21,tobacco,pineapple
27,24,tobacco,soybeans
27,4,tobacco,cassava
27,27,tobacco,tobacco
27,27,tobacco,tobacco
27,27,tobacco,tobacco
27,27,tobacco,tobacco
27,27,tobacco,tobacco
27,4,tobacco,cassava
27,27,tobacco,tobacco
27,23,tobacco,shallot
27,4,tobacco,cassava
27,8,tobacco,curcuma
27,27,tobacco,tobacco
27,27,tobacco,tobacco
27,21,tobacco,pineapple
27,27,tobacco,tobacco
27,27,tobacco,tobacco
27,27,tobacco,tobacco
27,24,tobacco,soybeans
27,27,tobacco,tobacco
27,27,tobacco,tobacco
27,27,tobacco,tobacco
27,27,tobacco,tobacco
27,27,tobacco,tobacco
27,27,tobacco,tobacco
27,4,tobacco,cassava
27,27,tobacco,tobacco
27,8,tobacco,curcuma
27,27,tobacco,tobacco
27,11,tobacco,ginger
27,27,tobacco,tobacco
27,27,tobacco,tobacco
27,27,tobacco,tobacco
27,27,tobacco,tobacco
27,27,tobacco,tobacco
27,24,tobacco,soybeans
27,27,tobacco,tobacco
27,27,tobacco,tobacco
27,27,tobacco,tobacco
27,27,tobacco,tobacco
27,27,tobacco,tobacco
27,27,tobacco,tobacco
27,27,tobacco,tobacco
27,27,tobacco,tobacco
27,24,tobacco,soybeans
27,27,tobacco,tobacco
27,27,tobacco,tobacco
27,10,tobacco,galangal
27,27,tobacco,tobacco
27,23,tobacco,shallot
27,27,tobacco,tobacco
27,27,tobacco,tobacco
27,27,tobacco,tobacco
27,27,tobacco,tobacco
27,27,tobacco,tobacco
27,27,tobacco,tobacco
27,11,tobacco,ginger
27,27,tobacco,tobacco
27,27,tobacco,tobacco
27,27,tobacco,tobacco
27,4,tobacco,cassava
27,27,tobacco,tobacco
27,24,tobacco,soybeans
27,27,tobacco,tobacco
27,27,tobacco,tobacco
27,27,tobacco,tobacco
27,27,tobacco,tobacco
27,27,tobacco,tobacco
27,27,tobacco,tobacco
27,27,tobacco,tobacco
27,27,tobacco,tobacco
27,27,tobacco,tobacco
27,11,tobacco,ginger
27,27,tobacco,tobacco
27,27,tobacco,tobacco
27,4,tobacco,cassava
27,23,tobacco,shallot
27,27,tobacco,tobacco
27,10,tobacco,galangal
27,10,tobacco,galangal
27,11,tobacco,ginger
27,27,tobacco,tobacco
27,27,tobacco,tobacco
27,27,tobacco,tobacco
27,27,tobacco,tobacco
27,27,tobacco,tobacco
27,10,tobacco,galangal
27,27,tobacco,tobacco
27,27,tobacco,tobacco
27,27,tobacco,tobacco
27,27,tobacco,tobacco
27,10,tobacco,galangal
27,24,tobacco,soybeans
27,27,tobacco,tobacco
27,27,tobacco,tobacco
27,10,tobacco,galangal
27,27,tobacco,tobacco
27,27,tobacco,tobacco
27,10,tobacco,galangal
27,27,tobacco,tobacco
27,27,tobacco,tobacco
27,27,tobacco,tobacco
27,27,tobacco,tobacco
27,27,tobacco,tobacco
27,23,tobacco,shallot
28,28,waterapple,waterapple
28,28,waterapple,waterapple
28,28,waterapple,waterapple
28,26,waterapple,sweetpotatoes
28,28,waterapple,waterapple
28,9,waterapple,eggplant
28,28,waterapple,waterapple
28,28,waterapple,waterapple
28,28,waterapple,waterapple
28,28,waterapple,waterapple
28,28,waterapple,waterapple
28,28,waterapple,waterapple
28,28,waterapple,waterapple
28,28,waterapple,waterapple
28,28,waterapple,waterapple
28,28,waterapple,waterapple
28,28,waterapple,waterapple
28,28,waterapple,waterapple
28,23,waterapple,shallot
28,28,waterapple,waterapple
28,28,waterapple,waterapple
28,28,waterapple,waterapple
28,28,waterapple,waterapple
28,28,waterapple,waterapple
28,29,waterapple,watermelon
28,28,waterapple,waterapple
28,23,waterapple,shallot
28,28,waterapple,waterapple
28,28,waterapple,waterapple
28,28,waterapple,waterapple
28,28,waterapple,waterapple
28,28,waterapple,waterapple
28,12,waterapple,guava
28,28,waterapple,waterapple
28,28,waterapple,waterapple
28,23,waterapple,shallot
28,28,waterapple,waterapple
28,28,waterapple,waterapple
28,28,waterapple,waterapple
28,28,waterapple,waterapple
28,28,waterapple,waterapple
28,29,waterapple,watermelon
28,28,waterapple,waterapple
28,28,waterapple,waterapple
28,28,waterapple,waterapple
28,21,waterapple,pineapple
28,28,waterapple,waterapple
28,28,waterapple,waterapple
28,28,waterapple,waterapple
28,28,waterapple,waterapple
28,23,waterapple,shallot
28,28,waterapple,waterapple
28,28,waterapple,waterapple
28,28,waterapple,waterapple
28,23,waterapple,shallot
28,28,waterapple,waterapple
28,14,waterapple,longbeans
28,26,waterapple,sweetpotatoes
28,28,waterapple,waterapple
28,28,waterapple,waterapple
28,28,waterapple,waterapple
28,28,waterapple,waterapple
28,28,waterapple,waterapple
28,28,waterapple,waterapple
28,28,waterapple,waterapple
28,28,waterapple,waterapple
28,12,waterapple,guava
28,23,waterapple,shallot
28,0,waterapple,aloevera
28,28,waterapple,waterapple
28,28,waterapple,waterapple
28,28,waterapple,waterapple
28,28,waterapple,waterapple
28,28,waterapple,waterapple
28,28,waterapple,waterapple
28,28,waterapple,waterapple
28,28,waterapple,waterapple
28,28,waterapple,waterapple
28,2,waterapple,bilimbi
28,28,waterapple,waterapple
28,12,waterapple,guava
28,28,waterapple,waterapple
28,28,waterapple,waterapple
28,28,waterapple,waterapple
28,28,waterapple,waterapple
28,20,waterapple,peperchili
28,28,waterapple,waterapple
28,28,waterapple,waterapple
28,28,waterapple,waterapple
28,20,waterapple,peperchili
28,13,waterapple,kale
28,20,waterapple,peperchili
28,20,waterapple,peperchili
28,20,waterapple,peperchili
28,28,waterapple,waterapple
28,28,waterapple,waterapple
28,20,waterapple,peperchili
28,28,waterapple,waterapple
28,28,waterapple,waterapple
28,28,waterapple,waterapple
28,28,waterapple,waterapple
28,12,waterapple,guava
28,28,waterapple,waterapple
28,28,waterapple,waterapple
28,28,waterapple,waterapple
28,13,waterapple,kale
28,28,waterapple,waterapple
28,28,waterapple,waterapple
28,28,waterapple,waterapple
28,28,waterapple,waterapple
28,28,waterapple,waterapple
28,28,waterapple,waterapple
28,23,waterapple,shallot
28,28,waterapple,waterapple
28,28,waterapple,waterapple
28,20,waterapple,peperchili
28,28,waterapple,waterapple
28,28,waterapple,waterapple
28,28,waterapple,waterapple
28,18,waterapple,paddy
28,28,waterapple,waterapple
28,20,waterapple,peperchili
28,28,waterapple,waterapple
28,28,waterapple,waterapple
28,18,waterapple,paddy
28,28,waterapple,waterapple
28,28,waterapple,waterapple
28,28,waterapple,waterapple
28,28,waterapple,waterapple
28,17,waterapple,orange
28,28,waterapple,waterapple
28,28,waterapple,waterapple
28,28,waterapple,waterapple
28,28,waterapple,waterapple
28,28,waterapple,waterapple
28,28,waterapple,waterapple
28,20,waterapple,peperchili
28,28,waterapple,waterapple
28,28,waterapple,waterapple
28,28,waterapple,waterapple
28,28,waterapple,waterapple
28,28,waterapple,waterapple
28,28,waterapple,waterapple
28,28,waterapple,waterapple
28,28,waterapple,waterapple
28,28,waterapple,waterapple
28,28,waterapple,waterapple
28,28,waterapple,waterapple
28,28,waterapple,waterapple
28,28,waterapple,waterapple
28,29,waterapple,watermelon
28,28,waterapple,waterapple
28,28,waterapple,waterapple
28,28,waterapple,waterapple
28,28,waterapple,waterapple
28,28,waterapple,waterapple
28,20,waterapple,peperchili
28,28,waterapple,waterapple
28,28,waterapple,waterapple
28,28,waterapple,waterapple
28,28,waterapple,waterapple
28,28,waterapple,waterapple
28,28,waterapple,waterapple
28,28,waterapple,waterapple
28,13,waterapple,kale
28,28,waterapple,waterapple
28,28,waterapple,waterapple
28,20,waterapple,peperchili
28,28,waterapple,waterapple
28,28,waterapple,waterapple
28,28,waterapple,waterapple
28,28,waterapple,waterapple
28,28,waterapple,waterapple
28,28,waterapple,waterapple
28,28,waterapple,waterapple
28,28,waterapple,waterapple
28,28,waterapple,waterapple
28,12,waterapple,guava
28,28,waterapple,waterapple
28,28,waterapple,waterapple
28,28,waterapple,waterapple
28,28,waterapple,waterapple
28,28,waterapple,waterapple
28,28,waterapple,waterapple
28,28,waterapple,waterapple
28,28,waterapple,waterapple
28,28,waterapple,waterapple
28,28,waterapple,waterapple
28,28,waterapple,waterapple
28,28,waterapple,waterapple
28,28,waterapple,waterapple
28,28,waterapple,waterapple
28,28,waterapple,waterapple
28,28,waterapple,waterapple
28,28,waterapple,waterapple
28,28,waterapple,waterapple
28,28,waterapple,waterapple
28,28,waterapple,waterapple
28,28,waterapple,waterapple
28,28,waterapple,waterapple
29,29,watermelon,watermelon
29,29,watermelon,watermelon
29,29,watermelon,watermelon
29,29,watermelon,watermelon
29,29,watermelon,watermelon
29,29,watermelon,watermelon
29,0,watermelon,aloevera
29,29,watermelon,watermelon
29,29,watermelon,watermelon
29,28,watermelon,waterapple
29,29,watermelon,watermelon
29,29,watermelon,watermelon
29,3,watermelon,cantaloupe
29,29,watermelon,watermelon
29,29,watermelon,watermelon
29,29,watermelon,watermelon
29,29,watermelon,watermelon
29,29,watermelon,watermelon
29,29,watermelon,watermelon
29,29,watermelon,watermelon
29,29,watermelon,watermelon
29,29,watermelon,watermelon
29,29,watermelon,watermelon
29,0,watermelon,aloevera
29,20,watermelon,peperchili
29,29,watermelon,watermelon
29,29,watermelon,watermelon
29,29,watermelon,watermelon
29,29,watermelon,watermelon
29,28,watermelon,waterapple
29,29,watermelon,watermelon
29,20,watermelon,peperchili
29,29,watermelon,watermelon
29,29,watermelon,watermelon
29,20,watermelon,peperchili
29,29,watermelon,watermelon
29,29,watermelon,watermelon
29,29,watermelon,watermelon
29,29,watermelon,watermelon
29,29,watermelon,watermelon
29,23,watermelon,shallot
29,0,watermelon,aloevera
29,29,watermelon,watermelon
29,29,watermelon,watermelon
29,29,watermelon,watermelon
29,29,watermelon,watermelon
29,29,watermelon,watermelon
29,29,watermelon,watermelon
29,29,watermelon,watermelon
29,29,watermelon,watermelon
29,29,watermelon,watermelon
29,29,watermelon,watermelon
29,28,watermelon,waterapple
29,13,watermelon,kale
29,10,watermelon,galangal
29,21,watermelon,pineapple
29,29,watermelon,watermelon
29,29,watermelon,watermelon
29,29,watermelon,watermelon
29,20,watermelon,peperchili
29,20,watermelon,peperchili
29,29,watermelon,watermelon
29,29,watermelon,watermelon
29,29,watermelon,watermelon
29,29,watermelon,watermelon
29,29,watermelon,watermelon
29,29,watermelon,watermelon
29,29,watermelon,watermelon
29,29,watermelon,watermelon
29,28,watermelon,waterapple
29,29,watermelon,watermelon
29,20,watermelon,peperchili
29,29,watermelon,watermelon
29,29,watermelon,watermelon
29,29,watermelon,watermelon
29,29,watermelon,watermelon
29,26,watermelon,sweetpotatoes
29,29,watermelon,watermelon
29,28,watermelon,waterapple
29,29,watermelon,watermelon
29,21,watermelon,pineapple
29,29,watermelon,watermelon
29,29,watermelon,watermelon
29,29,watermelon,watermelon
29,29,watermelon,watermelon
29,20,watermelon,peperchili
29,28,watermelon,waterapple
29,14,watermelon,longbeans
29,29,watermelon,watermelon
29,29,watermelon,watermelon
29,29,watermelon,watermelon
29,29,watermelon,watermelon
29,29,watermelon,watermelon
29,29,watermelon,watermelon
29,29,watermelon,watermelon
29,29,watermelon,watermelon
29,20,watermelon,peperchili
29,29,watermelon,watermelon
29,29,watermelon,watermelon
29,29,watermelon,watermelon
29,29,watermelon,watermelon
29,29,watermelon,watermelon
29,3,watermelon,cantaloupe
29,20,watermelon,peperchili
29,29,watermelon,watermelon
29,14,watermelon,longbeans
29,29,watermelon,watermelon
29,29,watermelon,watermelon
29,29,watermelon,watermelon
29,29,watermelon,watermelon
29,29,watermelon,watermelon
29,29,watermelon,watermelon
29,29,watermelon,watermelon
29,29,watermelon,watermelon
29,29,watermelon,watermelon
29,29,watermelon,watermelon
29,29,watermelon,watermelon
29,29,watermelon,watermelon
29,19,watermelon,papaya
29,20,watermelon,peperchili
29,28,watermelon,waterapple
29,29,watermelon,watermelon
29,29,watermelon,watermelon
29,29,watermelon,watermelon
29,29,watermelon,watermelon
29,20,watermelon,peperchili
29,29,watermelon,watermelon
29,29,watermelon,watermelon
29,29,watermelon,watermelon
29,29,watermelon,watermelon
29,29,watermelon,watermelon
29,26,watermelon,sweetpotatoes
29,29,watermelon,watermelon
29,29,watermelon,watermelon
29,29,watermelon,watermelon
29,29,watermelon,watermelon
29,28,watermelon,waterapple
29,29,watermelon,watermelon
29,10,watermelon,galangal
29,28,watermelon,waterapple
29,29,watermelon,watermelon
29,29,watermelon,watermelon
29,12,watermelon,guava
29,29,watermelon,watermelon
29,29,watermelon,watermelon
29,29,watermelon,watermelon
29,29,watermelon,watermelon
29,29,watermelon,watermelon
29,29,watermelon,watermelon
29,29,watermelon,watermelon
29,29,watermelon,watermelon
29,29,watermelon,watermelon
29,22,watermelon,pomelo
29,22,watermelon,pomelo
29,29,watermelon,watermelon
29,10,watermelon,galangal
29,29,watermelon,watermelon
29,29,watermelon,watermelon
29,29,watermelon,watermelon
29,29,watermelon,watermelon
29,29,watermelon,watermelon
29,12,watermelon,guava
29,29,watermelon,watermelon
29,29,watermelon,watermelon
29,28,watermelon,waterapple
29,29,watermelon,watermelon
29,29,watermelon,watermelon
29,29,watermelon,watermelon
29,29,watermelon,watermelon
29,29,watermelon,watermelon
29,29,watermelon,watermelon
29,29,watermelon,watermelon
29,22,watermelon,pomelo
29,20,watermelon,peperchili
29,20,watermelon,peperchili
29,20,watermelon,peperchili
29,29,watermelon,watermelon
29,29,watermelon,watermelon
29,20,watermelon,peperchili
29,29,watermelon,watermelon
29,29,watermelon,watermelon
29,29,watermelon,watermelon
29,22,watermelon,pomelo
29,28,watermelon,waterapple
29,29,watermelon,watermelon
29,29,watermelon,watermelon
29,12,watermelon,guava
29,29,watermelon,watermelon
29,29,watermelon,watermelon
29,28,watermelon,waterapple
29,20,watermelon,peperchili
29,29,watermelon,watermelon
29,29,watermelon,watermelon
29,22,watermelon,pomelo
29,29,watermelon,watermelon
29,29,watermelon,watermelon
29,29,watermelon,watermelon
29,29,watermelon,watermelon
29,29,watermelon,watermelon
29,29,watermelon,watermelon
